도서관명,시도명,시군구명,도서관유형,운영시작시각,운영종료시각,열람좌석수,자료수(도서),자료수(연속간행물),자료수(비도서),대출가능권수,대출가능일수
한천하누리작은도서관,전라남도,화순군,작은도서관,15:00,20:00,8,1000,0,0,3,14
상대한보 작은도서관,경상남도,진주시,작은도서관,9:00,18:00,20,1000,0,0,0,0
연세 작은도서관,경상남도,진주시,작은도서관,12:00,19:00,18,1000,0,0,0,0
초전 해모로 루비채 2단지 북카페,경상남도,진주시,작은도서관,12:00,17:00,50,1010,0,0,3,7
대곡면 새마을문고,경상남도,진주시,작은도서관,9:00,13:00,16,1100,0,0,0,0
잠정햇살마을도서관,전라남도,화순군,작은도서관,15:00,22:00,39,1150,0,0,3,14
행복소리 작은도서관,경상남도,진주시,작은도서관,9:00,18:00,12,1150,0,0,0,0
해망마을도서관,전라남도,화순군,작은도서관,14:00,17:00,30,1200,0,0,3,14
마중물 작은도서관,전라남도,화순군,작은도서관,13:00,19:00,12,1200,0,0,3,14
한우리 독서문화원,경상남도,진주시,작은도서관,10:00,13:00,24,1200,0,0,0,0
꿈이자라는문고,충청북도,영동군,작은도서관,9:00,18:00,10,1200,0,0,2,7
궁촌작은도서관,충청북도,영동군,작은도서관,9:00,18:00,6,1200,0,0,2,7
능주면민도서관,전라남도,화순군,작은도서관,9:00,22:00,36,1209,0,0,3,14
꿈이있는 도서관,경상남도,진주시,작은도서관,10:00,12:00,10,1300,0,0,0,0
갈마루작은도서관,충청북도,영동군,작은도서관,9:00,18:00,20,1300,0,0,2,7
리즈영어작은도서관,충청북도,영동군,작은도서관,9:00,18:00,12,1300,0,0,2,7
어깨동무작은도서관,충청북도,영동군,작은도서관,9:00,18:00,36,1300,0,0,2,7
경상남도혁신 꿈꾸는 도서관,경상남도,진주시,작은도서관,11:00,14:00,24,1400,0,0,2,14
빛나는 LH 1단지 도서관,경상남도,진주시,작은도서관,10:00,17:00,12,1415,0,0,2,7
지혜샘어린이문고,전라남도,화순군,작은도서관,9:00,17:00,10,1500,0,0,3,14
능성예절도서관,전라남도,화순군,작은도서관,10:00,17:00,15,1500,0,0,3,14
주곡작은도서관,충청북도,영동군,작은도서관,9:00,18:00,20,1500,0,0,2,7
구세군양강도서관,충청북도,영동군,작은도서관,9:00,18:00,30,1500,0,0,2,7
중앙성결 문고,경상남도,진주시,작은도서관,10:00,18:00,15,1600,6,0,3,7
올리움 작은도서관,경상남도,진주시,작은도서관,10:00,13:00,8,1600,0,0,3,7
참배움의 집,충청북도,영동군,작은도서관,9:00,18:00,52,1600,0,0,2,7
꿈이있는문고,충청북도,영동군,작은도서관,9:00,18:00,24,1600,0,0,2,7
심천구세군,충청북도,영동군,작은도서관,9:00,18:00,25,1600,0,0,2,7
제자교회부설 예닮 작은도서관,경상남도,진주시,작은도서관,10:00,20:00,18,1850,0,0,2,10
디딤돌 문고,경상남도,진주시,작은도서관,10:00,18:00,45,10000,4,0,3,21
월류문화센터,충청북도,영동군,학교도서관,12:30,13:10,20,10117,0,202,2,7
등대작은도서관,강원도,동해시,작은도서관,9:00,18:00,82,10135,3,361,3,14
청룡작은도서관,서울특별시,관악구,구립작은도서관,9:00,18:00,25,10178,0,140,5,14
양강초등학교도서실,충청북도,영동군,학교도서관,9:00,17:00,10,10319,0,88,2,7
이도작은도서관,강원도,동해시,작은도서관,9:00,18:00,82,10332,2,506,3,14
삼성작은도서관,서울특별시,관악구,구립작은도서관,9:00,18:00,30,10450,0,0,5,14
남현동 우리작은도서관,서울특별시,관악구,작은도서관,10:00,18:00,60,10476,0,229,5,14
용문중도서관,충청북도,영동군,학교도서관,12:30,13:20,40,10513,20,100,3,7
학산초등학교 도서관,충청북도,영동군,학교도서관,9:00,17:00,20,10525,0,751,2,5
봉현작은도서관,서울특별시,관악구,구립작은도서관,9:00,18:00,35,10677,0,262,5,14
도담도서관,충청북도,영동군,학교도서관,9:00,17:00,30,10929,3,79,3,7
장성군립중앙도서관,전라남도,장성군,공공도서관,9:00,19:00,100,100333,50,9516,5,14
양산시립도서관,경상남도,양산시,공공도서관,9:00,22:00,1253,100360,104,14847,5,21
창녕도서관,경상남도,창녕군,공공도서관,9:00,18:00,412,103636,24,11973,7,14
동해시립발한도서관,강원도,동해시,공공도서관,8:00,23:00,444,107735,15,5844,3,14
무릉작은도서관,강원도,동해시,작은도서관,9:00,18:00,82,11007,1,814,3,14
동백작은도서관,울산광역시,울주군,작은도서관,9:00,18:00,12,11118,0,0,3,14
글마루작은도서관,전라북도,고창군,작은도서관,9:00,20:00,36,11321,7,0,5,10
송도2동작은도서관,인천광역시,연수구,작은도서관,10:00,18:00,60,11566,0,0,5,15
연수2동작은도서관,인천광역시,연수구,작은도서관,10:00,18:00,60,11623,0,0,5,15
황간중도서관,충청북도,영동군,학교도서관,9:00,16:00,36,11664,0,0,3,14
신도림어린이영어도서관,서울특별시,구로구,공공도서관,10:00,19:00,20,11682,0,0,3,14
용운도서관,대전광역시,동구,공공도서관,8:00,22:00,400,114250,21,15091,5,14
추풍령초등학교학교도서관,충청북도,영동군,학교도서관,8:40,16:40,30,12238,0,63,3,7
진주여성회 달팽이어린이 도서관,경상남도,진주시,작은도서관,11:00,16:00,50,12389,3,0,5,14
기린도서관,강원도,인제군,공공도서관,09:00,22:00,63,12568,0,664,2,14
서화도서관,강원도,인제군,공공도서관,09:00,22:00,20,12618,5,688,2,14
학마을 글샘터,충청북도,영동군,학교도서관,12:40,13:15,48,12832,0,77,2,250
밀양시립도서관,경상남도,밀양시,공공도서관,8:00,23:00,340,129014,96,6148,3,14
은행나무작은도서관,울산광역시,울주군,작은도서관,9:00,18:00,6,13039,0,0,3,14
월류글터도서실,충청북도,영동군,학교도서관,8:40,17:00,16,13072,2,13,2,7
책드림도서관,충청북도,영동군,학교도서관,8:30,16:30,54,13782,2,326,2,7
신탄진평생학습도서관,대전광역시,대덕구,공공도서관,9:00,18:00,1200,133628,198,6611,5,14
안산평생학습도서관,대전광역시,대덕구,공공도서관,9:00,18:00,650,136568,265,4257,5,14
장성군립북이도서관,전라남도,장성군,공공도서관,9:00,19:00,40,14208,25,0,5,14
은천동 한울작은도서관,서울특별시,관악구,작은도서관,10:00,18:00,20,14232,0,1,5,14
금산 아이파크 새마을 작은도서관,경상남도,진주시,작은도서관,14:00,18:00,36,14417,0,0,3,7
영동초등학교 도서관,충청북도,영동군,학교도서관,8:40,17:00,36,14446,504,163,3,14
옥련1동작은도서관,인천광역시,연수구,작은도서관,10:00,18:00,34,14507,0,0,5,15
장성군립삼계도서관,전라남도,장성군,공공도서관,9:00,19:00,60,14678,22,0,5,14
부용햇살글마을,충청북도,영동군,학교도서관,9:00,17:00,57,14759,12,220,2,7
다사읍작은도서관,대구광역시,달성군,작은도서관,09:00,18:00,64,41803,0,0,3,7
중앙도서관,광주광역시,동구,공공도서관,9:00,17:00,790,148196,10,8599,5,15
서부도서관,경상남도,진주시,공공도서관,9:00,18:00,769,149885,84,4963,5,14
의병도서관,충청북도,충청북도 제천시,공공도서관,9:00,18:00,10,15006,0,167,5,7
구지면작은도서관,대구광역시,달성군,작은도서관,09:00,18:00,30,15015,9,0,5,14
대덕도서관,울산광역시,울주군,작은도서관,9:00,18:00,61,15180,0,0,3,14
화원읍작은도서관,대구광역시,달성군,작은도서관,09:00,18:00,70,15511,9,0,5,14
다사읍서재작은도서관,대구광역시,달성군,작은도서관,09:00,18:00,54,15722,9,0,5,14
영동고등학교 도서관,충청북도,영동군,학교도서관,8:30,16:30,60,15772,0,16,2,7
산수도서관,광주광역시,동구,공공도서관,9:00,18:00,350,154816,55,9588,5,15
중앙도서관,전라북도,정읍시,공공도서관,9:00,0:00,300,154880,40,2842,5,10
웅상도서관,경상남도,양산시,공공도서관,9:00,22:00,1200,155874,84,19115,5,21
기장도서관,부산광역시,기장군,공공도서관,7:00,0:00,524,157172,64,6964,5,15
청소년센터 작은도서관,대구광역시,달성군,작은도서관,09:00,21:00,67,16292,0,0,3,14
이수초등학교도서관,충청북도,영동군,학교도서관,9:00,17:00,65,16609,2,106,3,7
장유도서관,경상남도,김해시,공공도서관,09:00,23:00,376,164015,141,9643,5,14
관악문화관도서관,서울특별시,관악구,공공도서관,9:00,22:00,549,167474,62,22891,5,14
용꿈꾸는 작은도서관,서울특별시,관악구,구립작은도서관,9:00,22:00,70,17143,11,348,5,14
다문화어린이도서관모두,대구광역시,남구,작은도서관,9:00,16:00,22,17194,0,0,15,10
인헌동 보물섬 작은도서관,서울특별시,관악구,작은도서관,9:00,18:00,24,17199,0,190,5,14
금빛마을 작은 도서관,경상남도,진주시,작은도서관,10:00,13:00,50,17460,4,0,3,14
영동대학교 도서관,충청북도,영동군,대학도서관,9:00,18:00,422,170000,72,5141,3,10
개봉도서관,서울특별시,구로구,공공도서관,9:00,22:00,61,18525,18,0,3,14
칠암도서관,경상남도,김해시,공공도서관,09:00,23:00,1,070,181543,82,8804,5,14
도동어린이도서관,경상남도,진주시,어린이도서관,9:00,18:00,70,19928,17,278,5,14
연암도서관,경상남도,진주시,공공도서관,9:00,22:00,437,190057,99,8576,5,14
작은숲영어도서관,대구광역시,남구,작은도서관,10:00,15:00,20,2000,3,0,1,5
강남동 새마을문고,경상남도,진주시,작은도서관,9:00,18:00,9,2000,0,0,0,0
상대1동 열린 작은도서관,경상남도,진주시,작은도서관,9:00,18:00,20,2000,0,0,3,14
신안1차주공아파트새마을문고,경상남도,진주시,작은도서관,8:00,23:00,13,2000,0,0,0,0
아름다운 도서관,경상남도,진주시,작은도서관,11:00,19:00,20,2000,0,0,0,0
하늘소 작은 도서관,경상남도,진주시,작은도서관,12:00,18:00,20,2000,0,0,0,0
진주YWCA 다문화작은도서관 ‘단비’,경상남도,진주시,작은도서관,9:00,18:00,42,2000,0,0,3,14
중앙어린이도서관,경상남도,진주시,작은도서관,10:00,16:00,20,2000,0,0,0,0
우리마을도서관,경상남도,진주시,작은도서관,9:00,17:00,10,2000,0,0,0,0
큰사람문고,충청북도,영동군,작은도서관,9:00,18:00,50,2100,0,0,2,7
신천4동 작은도서관,대구광역시,동구,작은도서관,09:00,18:00,12,2103,6,0,5,15
효목1동 작은도서관,대구광역시,동구,작은도서관,09:00,18:00,12,2196,9,0,5,15
청개구리작은도서관,대구광역시,남구,작은도서관,9:00,17:00,10,2500,0,0,3,7
세빛도서관,전라남도,화순군,작은도서관,7:00,18:00,20,2500,1,0,3,14
꿈나무도서관,전라남도,화순군,작은도서관,9:00,17:00,24,2500,0,0,3,14
달빛 작은도서관,전라남도,화순군,작은도서관,13:00,17:00,30,2500,0,0,3,14
안심 작은도서관,전라남도,화순군,작은도서관,14:00,17:00,25,2500,0,0,3,14
동산 새마을작은도서관,경상남도,진주시,작은도서관,9:00,18:00,12,2500,0,0,3,14
미누마루도서관,경상남도,진주시,작은도서관,9:00,18:00,20,2520,2,0,3,14
화순중앙도서관,전라남도,화순군,작은도서관,10:00,18:00,28,2554,3,0,3,14
참좋은 작은도서관,경상남도,진주시,작은도서관,10:00,17:00,10,2719,20,0,1,7
더 나눔 작은도서관,부산광역시,동구,작은도서관,09:00,18:00,32,2760,0,0,2,14
광석빛돌작은도서관,충청남도,논산시,작은도서관,09:00,18:00,32,2840,0,0,5,10
한누리작은도서관,울산광역시,울주군,작은도서관,9:00,18:00,24,2967,0,0,3,14
비봉어린이도서관,경상남도,진주시,어린이도서관,9:00,18:00,38,20015,18,348,5,14
계림꿈나무도서관,광주광역시,동구,공공도서관,9:00,17:00,108,20402,0,583,5,15
진산도서관,충청남도,금산군,공공도서관,9:00,21:00,120,20516,11,0,10,14
원통도서관,강원도,인제군,공공도서관,09:00,22:00,132,20742,4,2220,2,14
울주도서관,울산광역시,울주군,공공도서관,9:00,22:00,790,200137,296,15812,5,14
무지개도서관,대전광역시,동구,공공도서관,9:00,18:00,71,23993,8,0,5,14
제천시립도서관,충청북도,충청북도 제천시,공공도서관,9:00,23:00,156,233137,1,710,13834,5,7
글마루한옥어린이도서관,서울특별시,구로구,공공도서관,10:00,19:00,80,24571,8,312,3,14
구로초주민전용도서관,서울특별시,구로구,공공도서관,9:00,22:00,82,24581,13,0,3,14
정산도서관,충청남도,청양군,공공도서관,9:00,21:00,191,24786,19,771,24786,14
영산도서관,경상남도,창녕군,공공도서관,9:00,22:00,133,24799,28,2417,3,14
하늘도서관,서울특별시,구로구,공공도서관,8:00,22:00,100,25409,14,0,3,14
레인보우영동도서관,충청북도,영동군,공공도서관,9:00,22:00,200,26050,65,1272,3,10
달성군청도서관,대구광역시,달성군,작은도서관,09:00,21:00,72,26337,4,3,5,15
개봉어린이도서관,서울특별시,구로구,공공도서관,10:00,19:00,110,28887,16,513,3,14
정관어린이도서관,부산광역시,기장군,공공도서관,9:00,22:00,90,29100,24,365,5,14
판암도서관,대전광역시,동구,공공도서관,9:00,18:00,80,29151,6,1155,5,14
은천동작은도서관,서울특별시,관악구,공공도서관,9:00,18:00,85,29920,48,1215,5,14
나눔도서관,대구광역시,남구,작은도서관,9:00,18:00,15,3000,0,0,0,0
화순작은도서관,전라남도,화순군,작은도서관,13:00,18:00,10,3000,3,0,3,14
봉안동 새마을문고,경상남도,진주시,작은도서관,9:00,18:00,16,3000,0,0,3,14
상대1동 새마을문고(현대분소),경상남도,진주시,작은도서관,13:00,17:00,45,3000,0,0,0,0
묵정마을문고,충청북도,영동군,작은도서관,9:00,18:00,10,3000,0,0,2,7
학산면청소년공부방,충청북도,영동군,작은도서관,9:00,18:00,24,3000,0,0,2,7
신암3동작은도서관,대구광역시,동구,작은도서관,09:00,18:00,22,3072,9,0,5,15
꿈나무영어도서관,대구광역시,남구,작은도서관,10:00,15:00,27,3200,0,0,1,7
자이 새마을 작은도서관,경상남도,진주시,작은도서관,10:00,12:00,42,3200,0,0,2,7
무장글샘작은도서관,전라북도,고창군,작은도서관,10:00,18:00,10,3250,0,0,5,14
늘푸른작은도서관,전라남도,화순군,작은도서관,10:00,17:00,20,3282,2,0,3,14
중앙동 새싹작은도서관,서울특별시,관악구,작은도서관,10:00,18:00,40,3370,0,35,5,14
동촌역사 작은도서관,대구광역시,동구,작은도서관,09:00,18:00,30,3404,9,0,5,15
하대1동 새마을작은도서관,경상남도,진주시,작은도서관,9:00,18:00,16,3450,0,0,3,14
범서작은도서관,울산광역시,울주군,작은도서관,9:00,18:00,16,3468,0,0,3,14
하곡인문도서관,경상남도,진주시,작은도서관,10:00,19:00,30,3500,0,0,0,0
빛나라도서관,전라남도,화순군,작은도서관,9:00,18:00,22,3600,34,0,3,14
다사랑작은도서관,전라남도,화순군,작은도서관,8:00,18:00,30,3617,3,0,3,14
주약현대아파트 마을도서관 다락,경상남도,진주시,작은도서관,11:00,15:00,40,3656,1,0,3,7
대산큰별작은도서관,전라북도,고창군,작은도서관,10:00,18:00,8,3674,0,0,5,14
도림천에서 용나는 작은도서관,서울특별시,관악구,구립작은도서관,9:00,20:00,10,3690,0,0,5,14
대학동 녹두작은도서관,서울특별시,관악구,작은도서관,10:00,18:00,20,3756,0,0,5,14
초록에뜰 작은도서관,경상남도,진주시,작은도서관,14:00,17:00,25,3800,2,0,0,0
남일작은도서관,충청남도,금산군,작은도서관,13:00,21:00,20,3943,2,0,10,14
여의디지털도서관,서울특별시,영등포구,공공도서관,8:00,20:00,80,3945,8,7345,3,14
홍도도서관,대전광역시,동구,공공도서관,9:00,18:00,100,30364,8,279,5,14
고창군립성호도서관,전라북도,고창군,공공도서관,9:00,23:00,159,30607,8,123,5,14
꿈마을도서관,서울특별시,구로구,공공도서관,8:00,22:00,114,31709,11,0,3,14
자양도서관,대전광역시,동구,공공도서관,9:00,18:00,140,32536,11,390,5,14
목포공공도서관,전라남도,목포시,공공,07:00,22:00,1,600,320463,163,48802,10,15
추부도서관,충청남도,금산군,공공도서관,9:00,22:00,200,34576,16,538,10,14
성남도서관,대전광역시,동구,공공도서관,9:00,18:00,120,35891,9,0,5,14
옥련2동어린이작은도서관,인천광역시,연수구,작은도서관,10:00,18:00,100,36602,10,0,5,15
달성군립도서관,대구광역시,달성군,공공도서관,09:00,20:00,202,38938,83,1031,5,14
청도어린이도서관,경상북도,청도군,어린이도서관,9:00,18:00,100,39594,32,1040,39594,14
꿈아루 도서관,경상남도,진주시,작은도서관,10:00,17:00,25,4000,0,0,0,0
평거휴먼시아 4단지 문고 온새미로,경상남도,진주시,작은도서관,11:00,17:00,25,4000,0,0,3,7
상월주민자치도서관,충청남도,논산시,작은도서관,09:00,18:00,44,4000,0,0,5,15
해안동 작은도서관,대구광역시,동구,작은도서관,09:00,18:00,30,4011,9,0,5,15
불로어울림 작은도서관,대구광역시,동구,작은도서관,09:00,18:00,35,4071,10,0,5,15
느티나무작은도서관,울산광역시,울주군,작은도서관,9:00,18:00,12,4157,0,0,3,14
상대2동 새마을 작은도서관,경상남도,진주시,작은도서관,9:00,18:00,8,4200,0,0,3,14
효목2동 작은도서관,대구광역시,동구,작은도서관,09:00,18:00,45,4244,8,0,5,15
동구문화센터작은도서관,광주광역시,동구,공공도서관,9:00,17:00,20,4275,0,0,5,15
도평동 작은도서관,대구광역시,동구,작은도서관,09:00,18:00,30,4451,9,0,5,15
동일스위트 혜윰 작은도서관,경상남도,진주시,작은도서관,19:00,21:00,30,4500,0,0,3,21
상봉동 새마을 작은도서관,경상남도,진주시,작은도서관,10:00,13:00,25,4500,0,0,3,7
상평동 새마을 작은도서관,경상남도,진주시,작은도서관,10:00,16:00,24,4500,0,0,3,14
이천행복작은도서관,대구광역시,남구,작은도서관,9:00,16:00,14,4574,0,0,8,7
가좌3 주공 작은 도서관,경상남도,진주시,작은도서관,11:00,13:00,30,4650,0,0,3,7
낙성대공원도서관,서울특별시,관악구,구립작은도서관,9:00,18:00,10,4752,0,79,5,14
꿈나무 영유아도서관,서울특별시,관악구,구립작은도서관,9:00,18:00,50,4810,0,0,5,14
행운동 마루작은도서관,서울특별시,관악구,작은도서관,10:00,18:00,20,4824,0,11,5,14
군북작은도서관,충청남도,금산군,작은도서관,13:00,21:00,20,4952,2,0,10,14
관악산 詩도서관,서울특별시,관악구,구립작은도서관,9:00,18:00,14,4976,0,39,5,14
성현동작은도서관,서울특별시,관악구,공공도서관,9:00,18:00,59,40218,43,1874,5,14
조원작은도서관,서울특별시,관악구,공공도서관,9:00,18:00,170,41034,51,4423,5,14
화순열린도서관,전라남도,화순군,공공도서관,9:00,22:00,300,42184,17,807,5,14
고창군립도서관,전라북도,고창군,공공도서관,9:00,22:00,158,47793,8,710,5,14
문래정보문화도서관,서울특별시,영등포구,공공도서관,7:00,22:00,175,48730,72,2302,3,14
김해기적의도서관,경상남도,김해시,공공도서관,09:00,18:00,300,48778,45,1105,5,14
꿈꾸는 도서관,경상남도,진주시,작은도서관,14:00,17:00,15,5021,0,0,0,0
핑크드림 도서관,경상남도,진주시,작은도서관,9:30,17:30,24,5105,1,0,3,14
조은마음도서관,경상남도,진주시,작은도서관,10:00,18:00,10,5120,4,0,0,0
서원동 어울작은도서관,서울특별시,관악구,작은도서관,10:00,18:00,20,5180,0,0,5,14
옥포면작은도서관,대구광역시,달성군,작은도서관,09:00,18:00,43,5241,9,0,5,14
신천3동 작은도서관,대구광역시,동구,작은도서관,09:00,18:00,40,5280,8,0,5,15
지저동 작은도서관,대구광역시,동구,작은도서관,09:00,18:00,30,5459,9,0,5,15
정수중학교 도서관,충청북도,영동군,학교도서관,9:00,16:30,20,5480,0,40,2,7
유가면작은도서관,대구광역시,달성군,작은도서관,09:00,18:00,51,5494,9,0,5,14
제원작은도서관,충청남도,금산군,작은도서관,13:00,21:00,20,5565,2,0,10,14
지프내도서실,충청북도,영동군,학교도서관,9:00,17:00,36,5580,0,0,2,7
낙성동 우듬지작은도서관,서울특별시,관악구,작은도서관,10:00,18:00,20,5663,0,9,5,14
미성동 책의향기작은도서관,서울특별시,관악구,작은도서관,10:00,18:00,20,5719,0,0,5,14
지산2동작은도서관,광주광역시,동구,공공도서관,9:00,17:00,14,5729,0,0,5,15
가지산작은도서관,울산광역시,울주군,작은도서관,9:00,18:00,10,5796,0,0,3,14
웅촌작은도서관,울산광역시,울주군,작은도서관,9:00,18:00,12,5846,0,0,3,14
금산작은도서관,충청남도,금산군,작은도서관,10:00,22:00,20,5885,2,0,10,14
글샘누리 작은도서관,경상남도,진주시,작은도서관,14:00,18:00,20,5910,0,0,3,14
가좌그린빌 푸른도서관,경상남도,진주시,작은도서관,11:00,14:00,30,5915,4,0,3,14
서림동 글사랑작은도서관,서울특별시,관악구,작은도서관,10:00,18:00,20,5993,0,5,5,14
선유정보문화도서관,서울특별시,영등포구,공공도서관,7:00,22:00,228,50721,72,2391,3,14
금산기적의도서관,충청남도,금산군,공공도서관,9:00,18:00,100,51035,24,1456,10,14
봉양도서관,충청북도,충청북도 제천시,공공도서관,9:00,22:00,48,51939,178,397,5,7
대림정보문화도서관,서울특별시,영등포구,공공도서관,7:00,22:00,188,53803,71,3615,3,14
기적의도서관,전라북도,정읍시,공공도서관,9:00,18:00,80,54104,20,516,5,10
금산인삼고을도서관,충청남도,금산군,공공도서관,9:00,23:00,300,56733,3,1627,10,14
문경시립모전도서관,경상북도,문경시,공공도서관,09:00,22:00,231,57360,55,0,5,7
울주선바위도서관,울산광역시,울주군,공공도서관,9:00,22:00,814,57412,136,8844,3,14
글빛정보도서관,서울특별시,관악구,공공도서관,9:00,22:00,139,57504,36,2359,5,14
제천여성도서관,충청북도,충청북도 제천시,공공도서관,9:00,23:00,144,57754,487,0,5,7
송촌평생학습도서관,대전광역시,대덕구,공공도서관,9:00,18:00,530,59581,185,1801,5,14
꿈이커가는도서관,대구광역시,남구,작은도서관,10:00,15:00,30,6000,1,0,3,7
황간면청소년공부방,충청북도,영동군,작은도서관,9:00,18:00,72,6000,0,0,2,7
하빈면작은도서관,대구광역시,달성군,작은도서관,09:00,18:00,61,6103,9,0,5,14
반야월역사 작은도서관,대구광역시,동구,작은도서관,09:00,18:00,17,6152,10,0,5,15
신원동 울타리작은도서관,서울특별시,관악구,작은도서관,10:00,18:00,20,6163,0,0,5,14
영동인터넷고등학교 도서관,충청북도,영동군,학교도서관,12:30,13:30,24,6192,0,0,3,7
보라매동 다사랑작은도서관,서울특별시,관악구,작은도서관,10:00,18:00,15,6259,0,0,5,14
금산 두산위브 글마루 도서관,경상남도,진주시,작은도서관,14:30,17:30,74,6344,0,0,0,0
삼성동 샛별작은도서관,서울특별시,관악구,작은도서관,10:00,18:00,10,6392,0,7,5,14
신림동 굴렁쇠작은도서관,서울특별시,관악구,작은도서관,10:00,18:00,12,6397,0,9,5,14
매화골 도서관,충청북도,영동군,학교도서관,9:00,16:30,29,6488,0,28,2,14
상촌초등학교 도서관,충청북도,영동군,학교도서관,9:00,17:00,35,6505,0,0,3,7
늘푸름작은도서관,울산광역시,울주군,작은도서관,9:00,18:00,20,6511,0,0,3,14
집현현대작은도서관,경상남도,진주시,작은도서관,15:00,17:00,36,6541,0,0,3,7
해오름작은도서관,울산광역시,울주군,작은도서관,9:00,18:00,15,6627,0,0,3,14
청림동 푸른숲작은도서관,서울특별시,관악구,작은도서관,10:00,18:00,20,6638,0,0,5,14
비봉글샘터,충청북도,영동군,학교도서관,8:40,17:00,28,6852,0,16,3,7
학습정보실,충청북도,영동군,학교도서관,9:00,17:00,26,6864,0,3,5,20
난곡동 책사랑 작은도서관,서울특별시,관악구,작은도서관,10:00,18:00,16,6933,0,0,5,14
송도국제어린이도서관,인천광역시,연수구,어린이도서관,10:00,18:00,200,61400,27,8475,5,15
문경시립문희도서관,경상북도,문경시,공공도서관,09:00,21:00,229,61528,22,0,5,7
신태인도서관,전라북도,정읍시,공공도서관,8:00,0:00,100,62536,20,0,5,10
연수어린이도서관,인천광역시,연수구,어린이도서관,10:00,18:00,30,64645,21,8842,5,15
어린이전문도서관,경상남도,진주시,어린이도서관,9:00,18:00,200,66210,24,1244,5,14
다누리도서관,충청북도,단양군,공공,9:00,22:00,87,66693,75,2006,7,14
다누리도서관,충청북도,단양군,공공도서관,09:00,22:00,87,66693,75,2006,7,14
연수청학도서관,인천광역시,연수구,공공도서관,7:00,22:00,400,67086,99,1492,5,15
이현 High Class 웰가 새마을문고,경상남도,진주시,작은도서관,14:00,17:00,64,7209,3,0,0,0
신사동 해오름작은도서관,서울특별시,관악구,작은도서관,10:00,18:00,20,7275,0,7,5,14
착한마음 도서관,경상남도,진주시,작은도서관,10:00,18:00,10,7300,1,0,0,0
학운동작은도서관,광주광역시,동구,공공도서관,9:00,17:00,20,7532,0,0,5,15
아산선운산작은도서관,전라북도,고창군,작은도서관,10:00,18:00,20,7536,0,0,5,14
지원2동작은도서관,광주광역시,동구,공공도서관,9:00,17:00,34,7588,0,0,5,15
논공읍작은도서관,대구광역시,달성군,작은도서관,09:00,18:00,20,7917,9,0,5,14
대명4동꿈틀작은도서관,대구광역시,남구,작은도서관,9:00,18:00,40,7988,34,0,20,10
꿈나무어린이도서관,서울특별시,구로구,공공도서관,10:00,19:00,86,70933,18,1596,3,14
정관도서관,부산광역시,기장군,공공도서관,7:00,0:00,583,71111,118,613,5,15
경상북도립예천공공도서관,경상북도,예천군,공공도서관,9:00,22:00,460,72009,19,5577,5,14
영동도서관,충청북도,영동군,공공도서관,8:00,22:00,400,72642,140,2242,5,21
연무도서관,충청남도,논산시,공공도서관,07:00,22:00,204,74739,15,1016,5,10
강경도서관,충청남도,논산시,공공도서관,07:00,22:00,235,77025,11,1302,5,10
한밭도서관,대전광역시,중구,공공도서관,6:00,23:00,656,772695,501,108467,5,14
영동산업과학고등학교 도서관,충청북도,영동군,학교도서관,8:30,17:30,58,8123,0,14,3,14
새마을문고정촌지회(정촌글샘),경상남도,진주시,작은도서관,9:30,17:30,8,8150,2,0,3,14
평거동 새마을작은도서관,경상남도,진주시,작은도서관,9:00,17:00,20,8200,0,0,3,14
초전1차 푸르지오 문고,경상남도,진주시,작은도서관,13:00,16:00,25,8214,0,0,1,7
청룡동 숯고을작은도서관,서울특별시,관악구,작은도서관,10:00,18:00,20,8281,0,31,5,14
령도서관,충청북도,영동군,학교도서관,8:20,16:30,30,8283,4,0,3,14
천전 한보 새마을작은도서관,경상남도,진주시,작은도서관,15:00,17:00,16,8350,0,0,0,0
신림청소년독서실,서울특별시,관악구,구립작은도서관,10:00,18:00,74,8420,0,0,5,14
청도작은도서관,경상북도,청도군,작은도서관,9:00,18:00,37,8810,0,0,8810,14
난향동 뜰안에작은도서관,서울특별시,관악구,작은도서관,10:00,18:00,22,8838,0,133,5,14
성현동 파랑새작은도서관,서울특별시,관악구,작은도서관,10:00,18:00,50,8864,0,116,5,14
동구도서관,부산광역시,동구,공공도서관,09:00,23:00,440,88073,27,2786,5,14
울주옹기종기도서관,울산광역시,울주군,공공도서관,9:00,22:00,352,88219,55,5503,3,14
가오도서관,대전광역시,동구,공공도서관,8:00,22:00,300,88410,16,3250,5,14
가양도서관,대전광역시,동구,공공도서관,8:00,22:00,263,89769,21,3024,5,14
초강초등학교 도서관,충청북도,영동군,학교도서관,9:00,17:00,28,9027,0,0,3,7
가창면참꽃작은도서관,대구광역시,달성군,작은도서관,09:00,21:00,46,9186,9,454,5,14
하난곡작은도서관,서울특별시,관악구,구립작은도서관,9:00,18:00,40,9232,17,651,5,14
신암2동작은도서관,대구광역시,동구,작은도서관,09:00,18:00,40,9459,9,0,5,15
영신중학교 도서관,충청북도,영동군,학교도서관,9:00,17:00,50,9486,0,0,2,10
마하어린이도서관,경상남도,진주시,작은도서관,9:00,18:00,100,9548,15,0,2,14
책이랑놀이랑,서울특별시,관악구,구립작은도서관,9:00,18:00,9,9558,13,417,5,14
고수해마루작은도서관,전라북도,고창군,작은도서관,10:00,18:00,13,9782,3,0,5,14
동구청 작은도서관,대구광역시,동구,작은도서관,09:00,18:00,11,9795,0,0,5,15
푸르미 작은도서관,경상남도,진주시,작은도서관,10:00,17:00,106,9820,2,0,0,0
신암5동작은도서관,대구광역시,동구,작은도서관,09:00,18:00,20,9924,0,0,5,15
용화초등학교,충청북도,영동군,학교도서관,9:00,17:00,28,9925,0,91,2,3
의령도서관,경상남도,의령군,공공도서관,9:00,18:00,267,90055,18,4337,90055,14
기적의도서관,충청북도,충청북도 제천시,어린이도서관,9:00,18:00,180,91096,1,515,3035,10,7
동해시립북삼도서관,강원도,동해시,공공도서관,8:00,23:00,358,91215,9,10336,3,14
문경시립중앙도서관,경상북도,문경시,공공도서관,09:00,22:00,657,92709,55,0,5,7
진영한빛도서관,경상남도,김해시,공공도서관,09:00,23:00,262,95462,110,4845,5,14
샘터 작은 도서관,부산광역시,남구,작은도서관,13:00,17:00,40,1000,0,0,2200,7
작은나무숲,부산광역시,남구,작은도서관,14:00,19:00,20,1000,30,0,4000,7
로뎀나무아래 작은도서관,부산광역시,남구,작은도서관,14:00,17:00,18,1050,0,0,1200,0
브니엘 학습관 문고,부산광역시,남구,작은도서관,13:00,22:00,8,1092,21,0,3000,0
참사랑 도서관,부산광역시,남구,작은도서관,11:00,16:00,16,1170,0,0,2000,0
토마토 작은도서관,부산광역시,남구,작은도서관,13:00,19:00,6,1200,0,0,1700,7
수학공방강장 작은도서관,부산광역시,남구,작은도서관,10:00,16:00,10,1200,20,15,1200,0
꿈샘 작은도서관,부산광역시,남구,작은도서관,12:00,20:00,20,1337,200,0,3500,5
행복한문고,부산광역시,남구,작은도서관,13:00,18:00,16,1339,50,0,4000,0
대천 작은도서실,부산광역시,남구,작은도서관,9:00,19:00,20,1350,0,0,1350,5
작은 여울 도서관,부산광역시,남구,작은도서관,10:00,17:00,30,1432,30,0,1500,7
감만독서문화원,부산광역시,남구,작은도서관,13:00,17:00,10,1500,0,20,1500,3
산성교회문고,부산광역시,남구,작은도서관,9:00,17:00,64,1621,0,0,3400,7
꿈 자람터 작은 도서관,부산광역시,남구,작은도서관,10:00,17:00,40,1800,0,0,1800,7
좋은씨앗 작은도서관,부산광역시,사상구,작은도서관,10:00,16:00,12,1000,0,0,2,14
문창비젼문고,대전광역시,중구,작은도서관,15:00,19:00,20,1000,0,0,0,15
사랑의 문고,대전광역시,중구,작은도서관,10:00,17:00,15,1000,0,0,3,15
하하호호 어린이도서관,대전광역시,중구,작은도서관,14:00,19:00,70,1000,0,0,3,15
복된문고,대전광역시,중구,작은도서관,10:00,19:00,15,1000,3,0,3,15
고전작은도서관,경상남도,하동군,작은도서관,10:00,18:00,50,1000,0,0,3,7
코스모스작은도서관,경상남도,하동군,작은도서관,10:00,18:00,50,1000,0,0,3,7
마고정작은도서관,서울특별시,은평구,작은도서관,13:00,18:00,6,1000,0,0,0,0
새봄작은도서관,경기도,군포시,작은도서관,15:00,17:00,18,1000,0,0,2,7
공덕작은도서관,부산광역시,금정구,작은도서관,10:00,19:00,6,1000,0,0,2,14
늘푸른도서관,대전광역시,중구,작은도서관,9:00,18:00,21,10000,0,0,3,15
은평의마을,서울특별시,은평구,작은도서관,09:30,11:00,24,10000,0,0,0,0
은평문화의집 작은도서관(응암1동 주민센터),서울특별시,은평구,작은도서관,09:00,18:00,50,10000,0,0,0,0
우리동네작은도서관,경기도,시흥시,작은도서관,9:00,18:00,40,10028,9,252,6,14
행신어린이도서관,경기도,고양시,어린이도서관,9:00,18:00,0,100303,28,825,7,14
상관기찻길작은도서관,전라북도,완주군,작은도서관,09:00,18:00,30,10032,10,0,3,14
사과나무작은도서관,충청북도,충주시,작은도서관,9:00,18:00,10,10062,4,0,10062,14
범천2동작은도서관,부산광역시,부산진구,작은도서관,09:00,18:00,10,10074,0,0,3,7
완주군립삼례도서관,전라북도,완주군,공공도서관,08:00,22:00,106,100892,32,2750,5,20
은평어린이영어도서관(평생학습관 1층),서울특별시,은평구,작은도서관,09:00,18:00,50,10114,0,0,0,0
제물포도서관,인천광역시,남구,작은도서관,10:00,18:00,12,10133,6,0,5,15
대현도서관,대구광역시,북구,공공도서관,9:00,20:00,182,10156,53,0,3,15
대림2동공립작은도서관,서울특별시,영등포구,작은도서관,10:00,17:00,16,10170,0,0,3,14
인창동작은도서관,경기도,구리시,작은도서관,9:00,18:00,32,10173,14,393,5,14
책보따리작은도서관,경상남도,하동군,작은도서관,10:00,18:00,30,10200,0,0,3,7
수성구립범어도서관,대구광역시,수성구,공공도서관,09:00,22:00,698,102117,172,102117,5,15
용학도서관,대구광역시,수성구,공공도서관,09:00,22:00,409,102353,532,3362,5,15
모라1동 작은도서관,부산광역시,사상구,작은도서관,09:00,18:00,40,10254,0,0,3,14
서신도서관,전라북도,전주시,공공도서관,9:00,19:00,442,102643,24,0,4,14
진건도서관,경기도,남양주시,공공도서관,8:00,24:00,522,102673,129,3165,5,14
문래동공립작은도서관,서울특별시,영등포구,작은도서관,10:00,17:00,50,10286,0,0,3,14
동백도서관,경기도,용인시,공공도서관,7:00,0:00,481,102929,106,2794,7,21
청운문학도서관,서울특별시,종로구,공공도서관,10:00,19:00,60,10356,6,0,3,10
화명도서관,부산광역시,북구,공공도서관,07:00,23:00,579,104399,89,2975,5,14
화정글샘도서관,경상남도,김해시,공공도서관,09:00,23:00,545,104460,119,8481,5,14
전주작은도서관,전라북도,전주시,작은도서관,9:00,18:00,20,10472,0,0,2,7
희망마을작은도서관,대전광역시,유성구,작은도서관,10:00,17:00,20,10476,0,0,2,7
감나무골작은도서관,경기도,시흥시,작은도서관,9:00,18:00,40,10485,8,264,6,14
신사2동 책사랑방(신사2동 주민센터),서울특별시,은평구,작은도서관,09:00,18:00,12,1050,0,0,0,0
태안도서관,경기도,화성시,공공도서관,9:00,22:00,176,105389,67,4173,5,14
무지개작은도서관,전라북도,전주시,작은도서관,10:00,18:00,25,10587,0,0,2,14
대야어린이도서관,경기도,시흥시,공공도서관,9:00,18:00,390,105903,15,4929,6,14
밤골작은도서관,부산광역시,연제구,작은도서관,10:00,20:00,33,10706,6,11,2,7
진관동 책사랑방(진관동 주민센터),서울특별시,은평구,작은도서관,09:00,18:00,12,1075,0,0,0,0
은평역사한옥박물관 작은도서관,서울특별시,은평구,작은도서관,09:00,18:00,12,1075,0,0,0,0
책뜰에도서관,서울특별시,은평구,작은도서관,10:00,18:00,12,1076,0,0,0,0
이서배꽃뜰작은도서관,전라북도,완주군,작은도서관,09:00,18:00,30,10763,10,0,3,14
도담동도서관,세종특별자치시,도담동,공공도서관,9:00,21:00,150,10828,37,129,3,14일
정보화도서관,서울특별시,동대문구,공공도서관,9:00,22:00,214,108307,163,7495,4,14
별내도서관,경기도,남양주시,공공도서관,8:00,24:00,329,108900,129,4264,5,14
숲속 향기 작은도서관,서울특별시,은평구,작은도서관,09:00,17:00,12,1090,0,0,0,0
홍산공공도서관,충청남도,부여군,공공도서관,9:00,18:00,201,10944,0,37,3,14
큰꿈도서관,서울특별시,은평구,작은도서관,09:00,17:00,10,1097,0,0,0,0
래미안 푸른숲 도서관,서울특별시,은평구,작은도서관,14:00,17:00,28,1097,0,0,0,0
은평뉴타운 구파발 9단지  제1관리소 도서관,서울특별시,은평구,작은도서관,09:00,18:00,18,1097,0,0,0,0
삼천도서관,전라북도,전주시,공공도서관,9:00,19:00,370,109785,20,1565,4,14
학미숲작은도서관,경기도,시흥시,작은도서관,15:00,22:00,36,10989,5,3,6,14
엄궁 쌈지 작은도서관,부산광역시,사상구,작은도서관,09:00,18:00,16,10997,0,0,3,14
팔복작은도서관,전라북도,전주시,작은도서관,12:00,20:00,74,10999,0,0,2,7
화가마을 작은도서관,부산광역시,사상구,작은도서관,11:00,16:00,8,1100,0,0,0,0
청춘 책방 '책 한그릇',대전광역시,중구,작은도서관,14:00,19:00,15,1100,4,0,0,15
두드림 도서관,서울특별시,은평구,작은도서관,14:00,18:00,14,1100,0,0,0,0
은평작은도서관(은평구청 구의회 1층),서울특별시,은평구,작은도서관,09:00,18:00,10,11000,0,0,0,0
호성작은도서관,전라북도,전주시,작은도서관,10:00,18:00,30,11033,0,0,3,7
대야도서관,경기도,군포시,공공도서관,7:00,12:00,255,110432,121,4081,7,14
사상도서관,부산광역시,사상구,공공도서관,09:00,22:00,95,110927,55,10539,5,14
구성도서관,경기도,용인시,공공도서관,7:00,0:00,493,111075,104,3185,7,21
가수원도서관,대전광역시,서구,공공도서관,07:00,22:00,780,111264,19,3314,10,14
기흥도서관,경기도,용인시,공공도서관,7:00,0:00,517,111497,105,2255,7,21
병점도서관,경기도,화성시,공공도서관,9:00,22:00,456,112079,157,3329,5,14
작은도서관 삼봉서랑,서울특별시,종로구,작은도서관,9:00,19:00,50,11224,5,0,3,10
솔빛도서관,서울특별시,은평구,작은도서관,13:00,17:00,12,1125,0,0,0,0
통인 어린이 작은도서관,서울특별시,종로구,작은도서관,10:00,19:00,50,11304,0,0,3,10
통인 어린이 작은도서관,서울특별시,종로구,작은도서관,10:00,17:00,50,11304,0,0,3,10
익산모현도서관,전라북도,익산시,공공도서관,7:00,23:00,1087,114274,159,17835,5,21
휘경어린이도서관,서울특별시,동대문구,어린이도서관,9:00,18:00,86,11454,17,579,4,14
어린이도서관,경기도,군포시,공공도서관,9:00,18:00,148,114867,49,3759,7,14
모롱지작은도서관,전라북도,전주시,작은도서관,9:00,18:00,60,11527,0,0,2,14
대림3동공립작은도서관,서울특별시,영등포구,작은도서관,10:00,17:00,19,11538,0,0,3,14
인후비젼작은도서관,전라북도,전주시,작은도서관,10:00,18:00,32,11558,0,0,4,14
죽전도서관,경기도,용인시,공공도서관,7:00,0:00,471,116236,110,2307,7,21
초록우산작은도서관,전라북도,전주시,작은도서관,9:00,18:00,24,11628,0,0,3,7
여담작은도서관,경기도,군포시,작은도서관,9:00,18:00,16,1168,0,0,2,10
꿈꾸는마을도서관 도토리,대구광역시,북구,공공도서관,10:00,19:00,75,11709,5,333,7,7
한우리도서관,인천광역시,남구,작은도서관,10:00,18:00,24,11746,8,0,5,15
온천마을작은도서관,대전광역시,유성구,작은도서관,10:00,17:00,20,11767,0,0,2,7
아람누리도서관,경기도,고양시,공공도서관,9:00,22:00,0,117678,255,2149,7,14
동탄복합문화센터도서관,경기도,화성시,공공도서관,9:00,22:00,930,117749,90,2775,5,14
노송작은도서관,전라북도,전주시,작은도서관,9:00,18:00,40,11859,0,0,2,14
원당도서관,경기도,고양시,공공도서관,7:00,23:00,270,119007,102,3589,7,14
이야기동동 작은도서관,부산광역시,금정구,작은도서관,13:00,17:00,20,11902,1,0,2,14
엄정꿈터도서관,충청북도,충주시,공공도서관,9:00,18:00,137,11909,4,60,11909,14
꿈꾸는 작은도서관,부산광역시,사상구,작은도서관,10:00,16:00,12,1200,0,0,0,0
함께 작은도서관,부산광역시,사상구,작은도서관,10:00,17:00,12,1200,0,0,0,0
유천어린이도서관,대전광역시,중구,작은도서관,10:00,20:00,30,1200,6,0,3,15
어린이책 읽새 골목길 작은도서관,대전광역시,중구,작은도서관,11:00,19:00,20,1200,4,0,3,15
청학작은도서관,경상남도,하동군,작은도서관,10:00,18:00,20,1200,0,0,3,7
우물골 마슬 문고,서울특별시,은평구,작은도서관,13:00,17:00,20,1200,0,0,0,0
북구디지털도서관,부산광역시,북구,공공도서관,07:00,23:00,96,120244,85,9385,5,14
복사꽃도서관,인천광역시,남구,작은도서관,10:00,18:00,25,12181,3,0,5,15
신길5동공립작은도서관,서울특별시,영등포구,작은도서관,10:00,17:00,14,12185,0,0,3,14
수택1동작은도서관,경기도,구리시,작은도서관,9:00,18:00,16,12192,10,448,5,14
샘내작은도서관,경기도,화성시,작은도서관,9:00,18:00,26,12203,6,0,5,14
당동도서관,경기도,군포시,공공도서관,7:00,12:00,311,122278,98,4602,7,14
상림글방,서울특별시,은평구,작은도서관,10:00,18:00,30,1226,0,0,0,0
내가도서관,인천광역시,강화군,공공도서관,9:00,22:00,60,12278,7,0,5,14
주엽어린이도서관,경기도,고양시,어린이도서관,9:00,18:00,0,123135,38,1326,7,14
토평도서관,경기도,구리시,공공도서관,8:00,0:00,499,12314,121,5117,5,14
포곡도서관,경기도,용인시,공공도서관,7:00,22:00,358,123404,102,2644,7,21
대림1동공립작은도서관,서울특별시,영등포구,작은도서관,10:00,17:00,24,12351,0,0,3,14
꿈드림 작은도서관,부산광역시,금정구,작은도서관,12:00,18:00,25,12353,0,0,3,14
힐스누리작은도서관,충청북도,충주시,작은도서관,9:00,18:00,10,12354,4,0,12354,14
화도도서관,경기도,남양주시,공공도서관,8:00,24:00,328,123551,133,2691,5,14
한솔동 도서관,세종특별자치시,한솔동,공공도서관,9:00,21:00,85,12363,13,150,3,14일
밥상머리북카페,경기도,군포시,작은도서관,9:00,18:00,88,12399,0,0,7,14
꾸러기 도서관,대전광역시,중구,작은도서관,11:00,20:00,10,1250,0,0,3,15
신길2동(분소)공립작은도서관,서울특별시,영등포구,작은도서관,10:00,17:00,8,12558,0,0,3,14
송강마을작은도서관,대전광역시,유성구,작은도서관,10:00,17:00,20,12713,0,0,2,7
조촌작은도서관,전라북도,군산시,작은도서관,9:00,18:00,25,12716,8,0,3,14
한마음문고,대전광역시,중구,작은도서관,10:00,18:00,22,1288,1,0,3,15
대화도서관,경기도,고양시,공공도서관,7:00,23:00,190,129649,150,1974,7,14
배산작은도서관,부산광역시,연제구,작은도서관,10:00,20:00,35,12993,0,0,2,7
LG메트로작은쌈지,부산광역시,남구,작은도서관,10:00,17:00,38,13220,30,150,18000,7
보목꿈터,제주특별자치도,서귀포시,작은도서관,13:00,18:00,28,13560,0,0,3,14
함께하는 작은도서관,부산광역시,사상구,작은도서관,10:00,16:00,12,1300,0,0,2,24
사랑방 작은도서관,서울특별시,은평구,작은도서관,09:00,18:00,15,1300,0,0,0,0
괴정3동 작은도서관,부산광역시,사하구,작은도서관,9:00,21:00,6,13000,0,0,3,7
여의동공립작은도서관,서울특별시,영등포구,작은도서관,10:00,17:00,20,13069,0,0,3,14
장사래도서관,인천광역시,남구,어린이도서관,10:00,18:00,50,13121,5,0,5,15
영등포구지부공립작은도서관,서울특별시,영등포구,작은도서관,10:00,17:00,46,13164,0,0,3,14
주례쌈지작은도서관,부산광역시,사상구,작은도서관,09:00,18:00,30,13188,0,0,3,14
익산영등도서관,전라북도,익산시,공공도서관,7:00,23:00,838,131907,322,5131,5,21
직산읍작은도서관,충청남도,천안시,작은도서관,10:00,17:00,20,13195,7,590,5,14
원성동작은도서관,충청남도,천안시,작은도서관,10:00,17:00,24,13211,4,12,5,14
신길6동공립작은도서관,서울특별시,영등포구,작은도서관,10:00,17:00,30,13243,0,0,3,14
영등포동공립작은도서관,서울특별시,영등포구,작은도서관,10:00,17:00,30,13282,0,0,3,14
산본역도서관,경기도,군포시,작은도서관,9:00,18:00,16,1333,0,0,7,14
한뫼도서관,경기도,고양시,공공도서관,7:00,23:00,129,133412,167,1655,7,14
사상 작은도서관,부산광역시,사상구,작은도서관,09:00,21:00,25,13400,0,0,3,14
독정골도서관,인천광역시,남구,어린이도서관,10:00,18:00,38,13497,6,0,5,15
가야1동가얏골미니도서관,부산광역시,부산진구,작은도서관,09:00,18:00,8,1353,0,0,2,7
숭의도서관,인천광역시,남구,어린이도서관,10:00,18:00,50,13620,2,0,5,15
재궁꿈나무도서관,경기도,군포시,작은도서관,9:00,18:00,30,13648,0,0,5,14
교문2동작은도서관,경기도,구리시,작은도서관,9:00,18:00,12,13696,10,519,5,14
하늘정원작은도서관,경기도,군포시,작은도서관,11:00,21:00,40,1374,0,0,2,7
고맙습니다 보물섬 작은도서관,부산광역시,사상구,작은도서관,09:00,18:00,81,13761,0,0,3,14
나포작은도서관,전라북도,군산시,작은도서관,9:00,18:00,58,13796,11,0,3,14
나운작은도서관,전라북도,군산시,작은도서관,9:00,18:00,50,13859,8,0,3,14
이랑도서관,인천광역시,남구,작은도서관,10:00,18:00,65,13908,7,0,5,15
다문화도서관 바오밥나무,서울특별시,은평구,작은도서관,10:00,18:00,18,1397,0,0,0,0
포도송이 작은도서관,부산광역시,사상구,작은도서관,10:00,16:00,10,1400,0,0,2,14
한울타리 작은도서관,부산광역시,사상구,작은도서관,10:00,16:00,10,1400,0,0,0,0
짝꿍어린이도서관,대전광역시,중구,작은도서관,11:00,17:00,32,1400,2,0,3,15
깊은산속 옹달샘,대전광역시,중구,작은도서관,12:00,18:00,40,1400,0,0,3,15
아름꿈 도서관,서울특별시,종로구,공공도서관,11:00,20:00,60,14009,6,667,3,10
유성도서관,대전광역시,유성구,공공도서관,8:00,22:00,565,141160,89,9187,3,14
응암도서관,서울특별시,은평구,작은도서관,14:00,17:30,30,14157,0,0,0,0
쌍용도서관,충청남도,천안시,공공도서관,08:00,22:00,694,142118,101,3585,5,14
꿈나무작은도서관,경기도,시흥시,작은도서관,9:00,18:00,44,14324,17,212,6,14
신성마을작은도서관,대전광역시,유성구,작은도서관,10:00,17:00,20,14424,0,0,2,7
대방어린이도서관,서울특별시,동작구,공공도서관,9:00,18:00,50,14432,14,150,5,14
남양도서관,경기도,화성시,공공도서관,9:00,22:00,190,144324,70,3907,5,14
열린 작은도서관,부산광역시,사상구,작은도서관,10:00,18:00,6,1450,0,0,0,0
샘터작은도서관,서울특별시,은평구,작은도서관,11:00,17:00,12,1455,0,0,0,0
쑥골도서관,인천광역시,남구,어린이도서관,10:00,18:00,50,14626,3,0,5,15
거제2동새마을문고작은도서관,부산광역시,연제구,작은도서관,10:00,20:00,21,14716,0,73,2,7
석바위도서관,인천광역시,남구,작은도서관,10:00,18:00,35,14820,8,0,5,15
새마음 작은도서관,대전광역시,중구,작은도서관,10:00,18:00,28,1483,0,0,0,15
한라도서관,제주특별자치도,제주시,공공도서관,8:00,22:00,332,148838,318,7409,5,15
백석도서관,경기도,고양시,공공도서관,7:00,23:00,234,148909,156,3631,7,14
부개어린이도서관,인천광역시,부평구,공공도서관,9:00,18:00,70,15275,33,0,5,14
문화작은도서관,대전광역시,중구,작은도서관,10:00,17:00,61,1500,3,0,3,15
푸른솔문고,대전광역시,중구,작은도서관,10:00,18:00,18,1500,30,0,3,15
남대전푸른문고,대전광역시,중구,작은도서관,13:30,16:30,30,1500,1,0,3,15
올리브나무 도서관,서울특별시,은평구,작은도서관,10:00,18:00,15,1500,0,0,0,0
대조꿈나무어린이도서관(대조동 주민센터),서울특별시,은평구,작은도서관,09:00,18:00,56,15000,0,0,0,0
천주교연신내성당 북카페,서울특별시,은평구,작은도서관,09:00,18:00,6,1502,0,0,0,0
덕진도서관 금암분관,전라북도,전주시,공공도서관,9:00,19:00,226,150936,21,1567,4,14
여수시립쌍봉도서관,전라남도,여수시,공공도서관,07:30,22:00,744,151244,57,19290,151244,338
다니엘 작은도서관,서울특별시,은평구,작은도서관,10:00,17:00,20,1522,0,0,0,0
행신도서관,경기도,고양시,공공도서관,7:00,23:00,342,152293,130,1680,7,14
군포경찰서작은도서관,경기도,군포시,작은도서관,9:00,12:00,7,1536,0,0,0,0
양산영어도서관,경상남도,양산시,공공도서관,9:00,18:00,318,15364,15,2774,5,21
대화마을작은도서관,경기도,고양시,작은도서관,10:00,19:00,0,15447,0,85,3,7
도농도서관,경기도,남양주시,공공도서관,8:00,24:00,462,155315,119,11710,5,14
주안문고,대전광역시,중구,작은도서관,10:00,20:00,12,1560,0,0,0,15
월명작은도서관,전라북도,군산시,작은도서관,9:00,18:00,63,15685,11,0,3,14
갈마도서관,대전광역시,서구,공공도서관,07:00,10:00,800,157279,24,6914,10,14
화전작은도서관,경기도,고양시,작은도서관,10:00,18:00,0,15968,0,393,3,7
글마루도서관,대전광역시,중구,작은도서관,10:00,19:30,30,1600,0,0,3,15
풍성한 알곡 비전도서관,서울특별시,은평구,작은도서관,16:00,22:00,34,1600,0,0,0,0
구산동 도서사랑방(구산동 주민센터),서울특별시,은평구,작은도서관,09:00,18:00,5,1600,0,0,0,0
파동도서관,대구광역시,수성구,공공도서관,09:00,18:00,90,16028,123,0,5,15
약수작은도서관,서울특별시,동작구,작은도서관,9:00,18:00,47,16140,12,638,5,14
군산시립도서관,전라북도,군산시,공공도서관,9:00,22:00,704,161480,71,4257,3,14
서귀포학생문화원도서관,제주특별자치도,서귀포시,공공도서관,9:00,19:00,423,162824,104,2548,5,15
전포1동밭개마을,부산광역시,부산진구,작은도서관,09:00,18:00,10,1631,0,0,5,7
동화나무어린이도서관,경기도,군포시,작은도서관,9:00,18:00,52,16469,3,205,3,14
해뜰작은도서관,부산광역시,연제구,작은도서관,10:00,19:00,30,16472,34,252,2,7
구의제3동도서관,서울특별시,광진구,공공도서관,9:00,19:00,64,16538,0,0,3,21
소금꽃도서관,인천광역시,남구,작은도서관,10:00,18:00,25,16782,5,0,5,15
여수시립현암도서관,전라남도,여수시,공공도서관,07:30,22:00,737,169225,42,15417,169225,338
푸른마을작은도서관,경기도,고양시,작은도서관,10:00,18:00,0,17098,0,25,3,7
가산도서관,경기도,포천시,공공도서관,09:00,20:00,212,17112,38,761,7,14
신길1동공립작은도서관,서울특별시,영등포구,작은도서관,10:00,17:00,25,17172,0,0,3,14
녹번동 문화사랑방(녹번동 주민센터),서울특별시,은평구,작은도서관,09:00,18:00,17,1723,0,0,0,0
초읍동책사랑방,부산광역시,부산진구,작은도서관,09:00,18:00,3,1731,0,0,3,7
불광1동 자치회관문고(불광1동 주민센터),서울특별시,은평구,작은도서관,09:00,18:00,4,1750,0,0,0,0
교문도서관,경기도,구리시,공공도서관,8:00,0:00,436,175683,212,10007,5,14
당정동벤티움작은도서관,경기도,군포시,작은도서관,12:50,13:30,20,1763,0,0,2,7
경주시립도서관,경상북도,경주시,공공도서관,08:00,21:00,360,177442,132,11666,5,14
흥남작은도서관,전라북도,군산시,작은도서관,9:00,18:00,48,17855,10,0,3,14
신산본자이2차아파트문고,경기도,군포시,작은도서관,9:00,17:00,16,1796,0,0,2,7
청소년도서관 작공,서울특별시,은평구,작은도서관,10:00,21:00,22,1800,0,0,0,0
하단2동 작은도서관,부산광역시,사하구,작은도서관,9:00,21:00,6,18000,0,0,3,7
관교도서관,인천광역시,남구,어린이도서관,10:00,22:00,45,18069,7,0,5,15
부산진구어린이청소년도서관,부산광역시,부산진구,공공도서관,09:00,22:00,173,18087,35,67,5,14
광진정보도서관,서울특별시,광진구,공공도서관,9:00,23:00,1295,181549,381,10917,5,21
탐라도서관,제주특별자치도,제주시,공공도서관,9:00,22:00,863,182200,341,15222,5,15
다대2동 작은도서관,부산광역시,사하구,작은도서관,9:00,21:00,6,18247,0,0,3,7
마두도서관,경기도,고양시,공공도서관,7:00,23:00,397,182583,164,5605,7,14
삼송도서관,경기도,고양시,공공도서관,7:00,23:00,110,18330,126,122,7,14
삼성마을5단지작은도서관,경기도,군포시,작은도서관,13:00,17:00,37,1837,0,0,2,14
탄현작은도서관,경기도,고양시,작은도서관,10:00,18:00,0,18395,0,214,3,7
화정도서관,경기도,고양시,공공도서관,7:00,23:00,530,185403,170,5687,7,14
구암작은도서관,전라북도,군산시,작은도서관,9:00,18:00,32,18578,10,0,3,14
부산광역시 남구도서관,부산광역시,남구,공공도서관,7:00,23:00,486,186873,2,706,8846,5,15
익산마동도서관,전라북도,익산시,공공도서관,7:00,22:00,968,186310,212,6320,5,21
남산타운문화체육센터어린이도서관,서울특별시,중구,공공도서관,9:00,18:00,65,18712,18,200,5,14
수지도서관,경기도,용인시,공공도서관,7:00,0:00,848,187930,119,2451,7,21
영북도서관,경기도,포천시,공공도서관,09:00,00:00,77,18880,40,893,7,14
정남도서관,경기도,화성시,공공도서관,9:00,22:00,139,18903,78,370,5,14
갈산도서관,인천광역시,부평구,공공도서관,9:00,18:00,92,19033,29,0,5,14
인창도서관,경기도,구리시,공공도서관,8:00,0:00,240,190259,274,19358,5,14
이천시립도서관,경기도,이천시,공공도서관,09:00,23:00,790,191523,85,10358,5,14
대흥마을문고,대전광역시,중구,공공도서관,9:00,18:00,9,1916,0,0,3,15
은평뉴타운 도서관,서울특별시,은평구,공공도서관,09:00,22:00,451,19373,95,1098,5,14
햇빛마을작은도서관,경기도,고양시,작은도서관,10:00,18:00,0,19467,0,37,3,7
동작샘터도서관,서울특별시,동작구,작은도서관,9:00,18:00,50,19563,9,310,5,14
고양작은도서관,경기도,고양시,작은도서관,10:00,18:00,0,19587,0,55,3,7
동화마을작은도서관,대전광역시,유성구,작은도서관,9:00,17:00,20,19824,0,0,2,7
중앙도서관,충청남도,천안시,공공도서관,08:00,22:00,537,199612,84,8347,5,14
솔로몬,부산광역시,남구,작은도서관,13:00,17:00,58,2000,200,50,2500,7
꿈이 자라는 작은도서관,부산광역시,남구,작은도서관,13:00,20:00,50,2000,30,15,1600,7
문현마을문고,부산광역시,남구,작은도서관,9:00,18:00,20,2500,5,0,2500,0
동항작은 도서관,부산광역시,남구,작은도서관,9:00,18:00,30,2500,0,30,2000,14
열두광주리어린이도서관,대전광역시,중구,작은도서관,10:00,19:00,15,2000,0,0,3,15
성민도서관,대전광역시,중구,작은도서관,10:00,15:00,60,2000,0,0,3,15
예인회 책방,대전광역시,중구,작은도서관,11:00,18:00,7,2000,0,0,0,15
해바라기문고,대전광역시,중구,작은도서관,10:00,21:00,12,2000,1,0,0,15
목동어린이도서관,대전광역시,중구,작은도서관,10:00,18:00,20,2000,2,0,0,15
어린이도서관 동네북,서울특별시,은평구,작은도서관,10:00,17:00,25,2000,0,0,0,0
복합문화공간[_틈],서울특별시,은평구,작은도서관,10:00,22:00,30,2000,0,0,0,0
포수마을 만화도서관,서울특별시,은평구,작은도서관,13:30,17:30,10,2000,0,0,0,0
응암2동 매바위북카페(응암2동 주민센터),서울특별시,은평구,작은도서관,09:00,18:00,8,2000,0,0,0,0
백련산힐스 작은도서관,서울특별시,은평구,작은도서관,10:00,18:00,22,2000,0,0,0,0
꿈지락작은도서관,서울특별시,은평구,작은도서관,11:00,17:00,50,2000,0,0,0,0
금정도서관,부산광역시,금정구,공공도서관,07:00,23:00,1266,201778,95,14445,5,14
은평구립도서관,서울특별시,은평구,공공도서관,09:00,22:00,958,203059,545,24980,5,14
월곶도서관,경기도,시흥시,공공도서관,10:00,21:00,129,20379,17,172,6,14
미성작은도서관,전라북도,군산시,작은도서관,9:00,18:00,50,20425,10,0,3,14
미룡작은도서관,전라북도,군산시,작은도서관,9:00,18:00,57,20450,10,0,3,14
건지산숲속작은도서관,전라북도,전주시,작은도서관,9:00,18:00,30,2063,0,0,2,7
푸른작은도서관,서울특별시,은평구,작은도서관,13:00,17:00,25,2100,0,0,0,0
중랑구립정보도서관,서울특별시,중랑구,공공도서관,7:00,23:00,594,210822,126,15791,4,14
대전문화 별찌작은도서관,대전광역시,중구,작은도서관,11:00,18:00,18,2127,0,0,3,15
주천공공도서관,강원도,영월군,공공도서관,09:00,20:00,33,21644,0,0,3,14
제주도서관,제주특별자치도,제주시,공공도서관,9:00,22:00,485,216562,75,17417,5,15
대야도서관,경기도,시흥시,공공도서관,9:00,22:00,452,218083,37,14769,6,14
비전뜰 도서관,서울특별시,은평구,작은도서관,10:00,18:00,28,2200,0,0,0,0
무지개영어도서관,서울특별시,은평구,작은도서관,13:00,18:00,16,2200,0,0,0,0
꿈꾸는 작은도서관,서울특별시,은평구,작은도서관,10:00,20:00,40,2200,0,0,0,0
꿈마을작은도서관,경기도,군포시,작은도서관,14:00,18:00,40,2206,0,0,3,7
자양제4동도서관,서울특별시,광진구,공공도서관,9:00,19:00,98,22234,0,0,3,21
충주시립도서관,충청북도,충주시,공공도서관,9:00,22:00,581,222657,113,8897,211725,14
우당도서관,제주특별자치도,제주시,공공도서관,9:00,22:00,1305,225091,449,27044,5,15
간납대작은도서관,전라북도,전주시,작은도서관,10:00,18:00,9,2251,0,0,3,8
청송군립진보공공도서관,경상북도,청송군,공공도서관,9:00,22:00,206,22589,15,0,3,14
불광천 작은도서관(응암정보도서관 운영),서울특별시,은평구,작은도서관,09:00,18:00,10,2300,0,0,0,0
손기정정보도서관,서울특별시,중구,작은도서관,9:00,18:00,30,23043,15,204,5,14
중앙도서관,경기도,시흥시,공공도서관,9:00,22:00,738,234626,44,15309,6,14
속초시립도서관,강원도,속초시,공공도서관,9:00,23:00,203,23500,60,200,3,14
성락작은도서관,대전광역시,중구,작은도서관,15:00,17:00,50,2360,29,0,3,15
관산작은도서관,경기도,고양시,작은도서관,9:00,18:00,0,23824,0,16,3,7
청천도서관,인천광역시,부평구,공공도서관,9:00,22:00,146,24959,76,332,5,14
해오름문고,경기도,군포시,작은도서관,14:00,17:00,20,2417,0,0,2,7
검바위초작은도서관,경기도,시흥시,작은도서관,9:00,16:30,60,2423,6,0,6,14
물망이도서관,대구광역시,수성구,공공도서관,09:00,18:00,51,24451,88,0,5,15
구산동 도서관마을,서울특별시,은평구,공공도서관,09:00,22:00,350,24505,49,882,5,14
샤론작은도서관,경기도,군포시,작은도서관,10:00,17:30,40,2462,0,0,2,7
덕진도서관 건지분관,전라북도,전주시,공공도서관,9:00,19:00,115,24730,23,0,4,14
중촌마을어린이도서관'짜장',대전광역시,중구,작은도서관,10:30,18:00,40,2500,3,0,3,15
산책마을 SH작은도서관,서울특별시,은평구,작은도서관,09:30,17:00,30,2500,0,0,0,0
꿈드림,경기도,군포시,작은도서관,9:00,18:00,12,2514,0,0,3,7
북부도서관,대구광역시,북구,공공도서관,9:00,22:00,835,252334,65,19392,3,15
완산도서관,전라북도,전주시,공공도서관,9:00,22:00,586,252893,20,23286,4,14
지혜누리작은도서관,서울특별시,은평구,작은도서관,13:00,17:00,20,2555,0,0,0,0
중앙도서관,경기도,용인시,공공도서관,7:00,0:00,556,257350,122,2980,7,21
주품북까페,경기도,군포시,작은도서관,10:00,18:00,60,2591,0,0,3,7
개금2동책마루,부산광역시,부산진구,작은도서관,09:00,18:00,3,2597,0,0,2,7
쁘레네 작은도서관별찌,경기도,군포시,작은도서관,11:00,17:00,15,2602,0,0,2,7
구암도서관,대전광역시,유성구,공공도서관,8:00,22:00,138,26186,63,0,3,14
옥구공원숲속도서관,경기도,시흥시,작은도서관,10:00,17:00,30,2654,6,0,6,14
산본도서관,경기도,군포시,공공도서관,7:00,12:00,640,266028,110,21550,7,14
신천도서관,경기도,시흥시,공공도서관,10:00,18:00,45,27267,13,215,6,14
목천읍작은도서관,충청남도,천안시,작은도서관,10:00,17:00,40,2788,5,0,5,14
금호새마을문고,대전광역시,중구,작은도서관,15:00,17:00,20,2800,0,0,3,15
희망작은도서관,경상남도,하동군,작은도서관,10:00,18:00,30,2800,0,0,3,7
바다의 별 작은도서관,서울특별시,은평구,작은도서관,09:00,18:00,50,2800,0,0,0,0
책놀이터작은도서관,경기도,군포시,작은도서관,13:00,19:00,22,2812,0,0,2,7
까치마을 작은도서관,부산광역시,사하구,작은도서관,9:00,21:00,6,2822,0,0,3,7
부개도서관,인천광역시,부평구,공공도서관,9:00,22:00,205,29100,49,1016,5,14
은평뉴타운 상림마을 14단지 마을문고,서울특별시,은평구,작은도서관,13:30,17:30,20,2900,0,0,0,0
중앙도서관,경기도,군포시,공공도서관,9:00,18:00,504,291709,146,7369,7,14
전포2동북카페,부산광역시,부산진구,작은도서관,09:00,18:00,12,2932,0,0,2,7
캐슬문고,서울특별시,은평구,작은도서관,11:00,18:00,35,2934,0,0,0,0
경천애인작은도서관,전라북도,완주군,작은도서관,09:00,18:00,30,2940,10,0,3,14
중봉도서관,경기도,김포시,공공도서관,8:00,23:00,550,294066,226,7447,10,14
사당솔밭도서관,서울특별시,동작구,공공도서관,9:00,22:00,280,29553,33,353,5,14
사랑이있는작은도서관,경기도,군포시,작은도서관,10:00,18:00,48,2958,0,0,2,7
신원도서관,경기도,고양시,공공도서관,7:00,23:00,170,29612,153,617,7,14
은행선화동마을문고,대전광역시,중구,공공도서관,9:00,18:00,20,2964,0,0,3,15
증산동 도서사랑방(증산동 주민센터),서울특별시,은평구,작은도서관,09:00,18:00,3,2989,0,0,0,0
영중꿈나무도서관,경기도,포천시,어린이도서관,09:00,18:00,68,29959,5,1717,7,14
세화2리갯머리,제주특별자치도,서귀포시,작은도서관,13:00,18:00,50,3040,0,0,3,14
토산1리웃토산,제주특별자치도,서귀포시,작은도서관,15:00,20:00,20,3100,0,0,3,14
온평열운이,제주특별자치도,서귀포시,작은도서관,13:30,18:00,22,3140,0,0,3,14
삼달리,제주특별자치도,서귀포시,작은도서관,13:00,18:00,20,3367,0,0,3,14
신례1리예촌,제주특별자치도,서귀포시,작은도서관,15:00,20:00,29,3795,0,0,3,14
삼산도서관,인천광역시,부평구,공공도서관,9:00,22:00,171,30470,40,239,5,14
MBL문고,서울특별시,은평구,작은도서관,13:00,21:00,5,300,0,0,0,0
푸른풀밭 작은도서관,서울특별시,은평구,작은도서관,10:00,19:00,30,3000,0,0,0,0
이웃사랑 작은도서관,서울특별시,은평구,작은도서관,12:00,18:00,30,3000,0,0,0,0
즐겨찾기 작은 도서관,서울특별시,은평구,작은도서관,10:00,19:00,14,3000,0,0,0,0
군포새마을문고,경기도,군포시,작은도서관,9:00,18:00,20,3000,0,0,3,14
큰뿌리독서원,부산광역시,금정구,작은도서관,12:00,18:00,18,3000,0,0,3,14
진잠도서관,대전광역시,유성구,공공도서관,8:00,22:00,117,30000,0,0,3,14
목포시립도서관,전라남도,목포시,공공도서관,9:00,22:00,990,301518,313,5131,5,14
상림마을작은도서관,서울특별시,은평구,공공도서관,09:00,22:00,60,30232,49,0,5,14
북면바로내작은도서관,충청남도,천안시,작은도서관,10:00,17:00,10,3038,6,0,5,14
누림관나눔작은도서관,경기도,군포시,작은도서관,14:00,18:00,12,3043,0,0,5,14
녹번만화도서관,서울특별시,은평구,작은도서관,09:00,17:30,10,3073,0,0,0,0
토리작은도서관,경기도,군포시,작은도서관,14:00,18:00,14,3113,0,0,2,14
중앙도서관,경상북도,경주시,공공도서관,08:00,21:00,130,31256,42,0,5,14
어린이청소년도서관 더불어숲,대구광역시,북구,공공도서관,10:00,19:00,65,31330,10,1420,5,10
설림도서관,전라북도,군산시,공공도서관,9:00,22:00,229,31663,57,0,3,14
답십리도서관,서울특별시,동대문구,공공도서관,9:00,22:00,171,32834,146,1302,4,14
삼립식품작은도서관,경기도,시흥시,작은도서관,9:00,19:00,37,3206,6,193,6,14
매화도서관,경기도,시흥시,공공도서관,10:00,18:00,92,3238,11,155,6,14
오류동마을문고,대전광역시,중구,공공도서관,9:00,18:00,20,3249,0,0,3,15
부곡2단지작은도서관,경기도,군포시,작은도서관,15:00,19:00,40,3258,0,0,2,14
덕진품애작은도서관,전라북도,전주시,작은도서관,10:00,19:00,23,3264,0,0,3,10
머드레작은도서관,부산광역시,금정구,작은도서관,13:00,17:00,12,3300,0,0,3,14
은광교회도서관,서울특별시,은평구,작은도서관,10:00,18:00,60,33000,0,0,0,0
다모아 작은도서관,부산광역시,사하구,작은도서관,9:00,21:00,6,3317,0,0,3,7
중촌동마을문고,대전광역시,중구,공공도서관,10:00,17:00,8,3327,0,0,0,15
구갈희망누리도서관,경기도,용인시,공공도서관,9:00,18:00,64,33305,12,0,7,21
서귀포시서부도서관,제주특별자치도,서귀포시,공공도서관,9:00,22:00,242,33573,20,1713,5,15
율곡마을작은도서관,경기도,군포시,작은도서관,10:00,17:00,12,3359,0,0,3,7
완주군립둔산영어도서관,전라북도,완주군,공공도서관,08:00,22:00,178,33597,60,3820,5,20
서동작은도서관,부산광역시,금정구,작은도서관,10:00,18:00,30,3363,0,0,3,14
인덕문고,서울특별시,은평구,작은도서관,09:00,18:00,20,3378,0,0,0,0
숭인마루 작은도서관,서울특별시,종로구,작은도서관,9:00,18:00,18,3420,0,0,3,10
수성구립고산어린이도서관,대구광역시,수성구,공공도서관,13:00,21:00,75,34205,14,13,5,15
서문어린이도서관,서울특별시,은평구,작은도서관,09:00,16:00,50,3444,0,0,0,0
완주군립중앙도서관,전라북도,완주군,공공도서관,09:00,22:00,340,34506,71,4027,5,20
책숲길도서관,대구광역시,수성구,공공도서관,09:00,18:00,125,34522,317,0,5,15
광덕면작은도서관,충청남도,천안시,작은도서관,10:00,17:00,24,3477,4,0,5,14
정임도서관,서울특별시,은평구,작은도서관,10:00,17:00,25,3497,0,0,0,0
당정문화도서관,경기도,군포시,작은도서관,9:00,18:00,97,34988,33,0,7,14
다문화도서관,부산광역시,사상구,작은도서관,09:00,18:00,28,3500,0,0,3,21
늘푸른도서관,대전광역시,중구,작은도서관,8:30,16:00,44,3500,0,0,3,15
벧엘사랑문고,서울특별시,은평구,작은도서관,12:00,19:00,18,3500,0,0,0,0
징검다리 도서관,서울특별시,은평구,작은도서관,10:00,19:00,10,3500,0,0,0,0
평안골작은도서관,경기도,시흥시,작은도서관,10:00,17:00,36,3591,1,0,6,14
큰꿈어린이도서관,경기도,군포시,작은도서관,10:00,18:00,25,3592,0,0,2,7
늘소망 작은도서관,부산광역시,사상구,작은도서관,10:00,18:00,15,3600,0,0,0,0
롯데캐슬문고,서울특별시,은평구,작은도서관,13:00,17:00,16,3600,0,0,0,0
증평군립도서관,충청북도,증평군,공공도서관,09:00,22:00,601,36329,38,3533,2,14
중랑숲어린이도서관,서울특별시,중랑구,공공도서관,9:00,18:00,173,36533,0,0,4,14
목동 마을문고,대전광역시,중구,공공도서관,9:00,18:00,56,3754,0,0,3,15
도담도담 한옥도서관,서울특별시,종로구,작은도서관,10:00,19:00,30,3777,0,0,3,10
도담도담 한옥도서관,서울특별시,종로구,작은도서관,10:00,18:00,30,3777,0,0,3,10
덕진도서관 쪽구름분관,전라북도,전주시,공공도서관,9:00,19:00,62,37939,20,0,4,14
장곡도서관,경기도,시흥시,공공도서관,10:00,21:00,125,37978,25,490,6,14
강촌공원작은도서관,경기도,고양시,작은도서관,10:00,19:00,0,3801,0,0,3,7
상도국주도서관,서울특별시,동작구,공공도서관,9:00,22:00,100,38075,11,1092,5,14
지혜만들기 작은도서관,서울특별시,종로구,작은도서관,10:00,17:00,16,3812,0,0,3,10
봉숭아꽃 작은도서관,충청북도,충주시,작은도서관,9:00,18:00,11,3826,4,0,3826,14
개금1동책사랑쉼터,부산광역시,부산진구,작은도서관,09:00,18:00,5,3850,0,0,3,7
중구구립도서관,서울특별시,중구,공공도서관,7:00,23:00,140,38579,50,1039,5,14
책뜨락 혜윰,경기도,군포시,작은도서관,10:00,20:30,50,3883,0,0,5,7
창신1동하람 작은도서관,서울특별시,종로구,작은도서관,10:00,17:00,30,3887,0,0,3,10
진로도서관,경기도,시흥시,공공도서관,10:00,19:00,50,39317,14,521,6,14
Book JoA 작은도서관,부산광역시,남구,작은도서관,9:00,18:00,15,4000,0,0,6400,7
감만꿈터,부산광역시,남구,작은도서관,9:00,18:00,20,4250,0,0,7500,14
책나무그늘 도서관(일신님∥아파트),부산광역시,남구,작은도서관,13:00,18:00,24,4615,30,0,12000,7
상창바람소리,제주특별자치도,서귀포시,작은도서관,17:00,21:00,20,4930,0,0,3,14
동광해바른,제주특별자치도,서귀포시,작은도서관,17:00,21:00,40,4932,0,0,3,14
북한산 힐스테이트 1차 솔숲문고,서울특별시,은평구,작은도서관,13:00,17:00,20,4000,0,0,0,0
은평뉴타운 5단지 문고,서울특별시,은평구,작은도서관,11:00,16:00,36,4000,0,0,0,0
은평뉴타운 상림마을 제7단지 문고,서울특별시,은평구,작은도서관,13:00,18:00,20,4022,0,0,0,0
송산도서관,경기도,화성시,공공도서관,9:00,22:00,406,40221,81,1625,5,14
센트럴파크2단지문고,대전광역시,중구,작은도서관,13:30,17:30,30,4032,0,0,3,15
무악다솜방,서울특별시,종로구,작은도서관,9:00,18:00,30,4055,0,0,3,10
여수시립율촌도서관,전라남도,여수시,공공도서관,07:30,22:00,338,40554,22,0,40554,288
대전점자도서관,대전광역시,중구,작은도서관,9:00,18:00,30,4075,0,0,3,15
불광2동 자치회관문고(불광2동 주민센터),서울특별시,은평구,작은도서관,09:00,18:00,12,4084,0,0,0,0
어린이도서관,대전광역시,서구,어린이도서관,10:00,19:00,150,40843,8,2798,10,14
상현도서관,경기도,용인시,공공도서관,7:00,0:00,580,40874,103,428,7,21
수색장로교회도서관,서울특별시,은평구,작은도서관,10:00,17:00,20,41000,0,0,0,0
용두동 마을문고,대전광역시,중구,공공도서관,9:00,18:00,22,4115,0,0,3,15
문창동마을문고,대전광역시,중구,공공도서관,9:00,18:00,20,4124,0,0,3,15
공군제8249부대,경기도,군포시,작은도서관,9:00,22:00,24,4130,0,0,5,14
창이 작은도서관,서울특별시,종로구,작은도서관,10:00,19:00,22,4161,0,0,3,10
우리마을도서관,경기도,군포시,작은도서관,9:00,18:00,35,4169,0,0,7,14
중구구립신당도서관,서울특별시,중구,공공도서관,7:00,23:00,131,42237,56,878,5,14
임피채만식도서관,전라북도,군산시,공공도서관,9:00,18:00,80,42258,9,0,3,14
혜화마을 북카페,서울특별시,종로구,작은도서관,10:00,17:00,16,4293,0,0,3,10
혜화마을 북카페,서울특별시,종로구,작은도서관,11:00,16:00,16,4293,0,0,3,10
어린이 미래도서관,대전광역시,중구,작은도서관,9:00,19:00,50,4300,0,0,3,15
학나래도서관,인천광역시,남구,공공도서관,10:00,22:00,96,43020,27,1118,5,15
연제도서관,부산광역시,연제구,공공도서관,09:00,22:00,192,43052,61,1202,5,15
문화1동마을문고,대전광역시,중구,공공도서관,9:00,18:00,15,4311,0,0,3,15
궁내동작은도서관,경기도,군포시,작은도서관,9:00,18:00,10,4316,0,0,5,14
우아문화의집 작은도서관,전라북도,전주시,작은도서관,9:00,18:00,50,4321,0,0,3,10
동작어린이도서관,서울특별시,동작구,공공도서관,9:00,18:00,130,43327,16,986,5,14
서부도서관,제주특별자치도,서귀포시,공공도서관,08:00,24:00,202,44511,24,1544,5,15
노루목작은도서관,경기도,군포시,작은도서관,9:00,18:00,46,4419,0,0,3,14
개금2동행복마을작은도서관,부산광역시,부산진구,작은도서관,09:00,18:00,30,4421,0,0,2,7
한경도서관,제주특별자치도,제주시,공공도서관,8:00,22:00,124,44224,21,1077,5,15
흥덕도서관,경기도,용인시,공공도서관,7:00,0:00,540,44292,105,146,7,21
이천시립효양도서관,경기도,이천시,공공도서관,09:00,22:00,550,44485,69,2094,5,14
양평2동공립작은도서관,서울특별시,영등포구,작은도서관,10:00,17:00,6,4487,0,0,3,14
대전다문화도서관,대전광역시,중구,작은도서관,10:00,17:00,50,4500,0,0,3,15
늘푸른작은도서관,경상남도,하동군,작은도서관,10:00,18:00,30,4500,0,0,3,7
꿈밭장애인작은도서관,전라북도,전주시,작은도서관,9:00,18:00,30,4515,28,178,5,14
당감4동사랑방마실작은도서관,부산광역시,부산진구,작은도서관,09:00,18:00,25,4518,0,0,3,10
서귀포기적의도서관,제주특별자치도,서귀포시,공공도서관,8:00,19:00,280,45498,28,1953,5,15
꿈꾸는 평창동 작은도서관,서울특별시,종로구,작은도서관,10:00,17:00,13,4597,0,0,3,10
당리 작은도서관,부산광역시,사하구,작은도서관,9:00,21:00,35,4635,0,0,3,7
서귀포시동부도서관,제주특별자치도,서귀포시,공공도서관,9:00,22:00,208,46430,16,5004,5,15
상림6 작은도서관,서울특별시,은평구,작은도서관,11:00,17:00,20,4663,0,0,0,0
응암정보도서관,서울특별시,은평구,공공도서관,09:00,22:00,250,46829,139,2166,5,14
예일솔로몬문고,부산광역시,금정구,작은도서관,12:00,20:00,20,4695,30,28,2,14
꿈꾸는i작은도서관,서울특별시,은평구,작은도서관,11:00,17:00,60,4700,0,0,0,0
농심작은도서관,경기도,군포시,작은도서관,9:00,18:00,6,4700,0,0,3,15
호암도서관,충청북도,충주시,공공도서관,9:00,18:00,12,47178,5,0,47178,14
늠내골실버작은도서관,경기도,시흥시,작은도서관,9:00,18:00,24,4719,22,0,6,14
양곡도서관,경기도,김포시,공공도서관,9:00,22:00,144,47234,78,1256,10,14
정왕어린이도서관,경기도,시흥시,공공도서관,9:00,18:00,100,47415,19,1002,6,14
홍파랑 북카페,서울특별시,종로구,작은도서관,10:00,17:00,10,4757,0,0,3,10
홍파랑 북카페,서울특별시,종로구,작은도서관,10:00,12:00,10,4757,0,0,3,10
진접푸른숲 도서관,경기도,남양주시,공공도서관,8:00,24:00,549,47778,132,1042,5,14
꿈 어린이도서관,서울특별시,은평구,작은도서관,11:00,18:00,30,4800,0,0,0,0
옥과공공도서관,전라남도,곡성군,공공도서관,09:00,22:00,152,48078,40,433,5,14
늘푸른도서관,전라북도,군산시,공공도서관,9:00,22:00,429,48241,53,0,3,14
송화도서관,경상북도,경주시,공공도서관,08:00,21:00,320,48670,77,376,5,14
부암1동책마루작은도서관,부산광역시,부산진구,작은도서관,09:00,18:00,20,4872,0,0,2,7
두빛나래어린이도서관,경기도,화성시,어린이도서관,9:00,18:00,62,48741,41,1448,5,14
둥지나래어린이도서관,경기도,화성시,어린이도서관,9:00,18:00,82,48910,60,1132,5,14
민들레작은도서관,경기도,시흥시,작은도서관,9:00,18:00,40,4899,9,7,6,14
화산골작은도서관,전라북도,완주군,작은도서관,09:00,18:00,30,4924,10,0,3,14
버드나무에부는바람,경기도,군포시,작은도서관,9:00,18:00,45,4931,0,0,3,17
매포공공도서관,충청북도,단양군,공공,9:00,18:00,118,49345,0,978,5,7
매포공공도서관,충청북도,단양군,공공도서관,09:00,18:00,118,49345,0,978,5,7
역마루 작은도서관(역촌동 주민센터),서울특별시,은평구,작은도서관,09:00,18:00,30,4959,0,0,0,0
부곡도서관,경기도,군포시,공공도서관,7:00,12:00,281,49844,84,1616,7,14
영광영재도서관,서울특별시,은평구,작은도서관,10:00,17:00,50,4999,0,0,0,0
들꽃이야기문고,부산광역시,남구,작은도서관,13:00,18:00,9,5000,200,30,8030,7
부산시여성회관 작은도서관,부산광역시,남구,작은도서관,9:00,18:00,30,5474,,,63339,7
청소년쉼터도서관,부산광역시,남구,작은도서관,13:00,18:00,40,5500,0,0,7000,7
이서별마루작은도서관,전라북도,완주군,작은도서관,09:00,18:00,30,5000,10,0,3,14
오류동 삼성아파트도서관,대전광역시,중구,작은도서관,14:00,17:00,50,5000,0,0,3,15
햇살이 따뜻한 아이마루 도서관,서울특별시,은평구,작은도서관,09:00,18:00,40,5000,0,0,0,0
미리내작은도서관,부산광역시,금정구,작은도서관,10:00,17:00,20,5000,0,0,3,14
진접도서관,경기도,남양주시,공공도서관,8:00,24:00,422,50066,133,710,5,14
대덕작은도서관,경기도,고양시,작은도서관,9:00,18:00,0,5014,0,50,3,7
영어마을도서관,대전광역시,유성구,작은도서관,10:00,17:00,20,5075,0,0,2,7
제주시기적의도서관,제주특별자치도,제주시,공공도서관,9:00,18:00,150,50951,80,3341,5,15
목포어린이도서관,전라남도,목포시,공공도서관,9:00,18:00,216,51407,2,656,678,5,14
청운효자동 북카페,서울특별시,종로구,작은도서관,10:00,18:00,37,5111,0,0,3,10
당산2동공립작은도서관,서울특별시,영등포구,작은도서관,10:00,17:00,10,5115,0,0,3,14
증산동 성산주민문고,서울특별시,은평구,작은도서관,13:00,20:00,30,5185,0,0,0,0
축구센터작은도서관,충청남도,천안시,작은도서관,10:00,17:00,22,5194,7,0,5,14
덕이도서관,경기도,고양시,공공도서관,7:00,23:00,168,51980,150,1164,7,14
칠평도서관,경상북도,경주시,공공도서관,08:00,21:00,128,52414,51,0,5,14
글마당작은도서관,전라북도,전주시,작은도서관,14:00,18:00,25,5264,0,0,2,7
단석도서관,경상북도,경주시,공공도서관,08:00,21:00,46,52743,31,0,5,14
아우내도서관,충청남도,천안시,공공도서관,08:00,22:00,40,52945,39,762,5,14
신안동작은도서관,충청남도,천안시,작은도서관,10:00,17:00,15,5304,5,0,5,14
증산정보도서관,서울특별시,은평구,공공도서관,09:00,22:00,511,53116,220,3761,5,14
조천도서관,제주특별자치도,제주시,공공도서관,9:00,22:00,125,53489,50,2269,5,15
부사동 마을문고,대전광역시,중구,공공도서관,9:00,18:00,20,5388,0,0,3,15
동부도서관,제주특별자치도,서귀포시,공공도서관,08:00,24:00,183,54778,28,5440,5,15
버드내작은도서관(유천2동마을문고),대전광역시,중구,공공도서관,13:00,18:00,14,5464,0,0,3,15
신방도서관,충청남도,천안시,공공도서관,08:00,22:00,278,54696,83,865,5,14
감포도서관,경상북도,경주시,공공도서관,08:00,21:00,12,54828,23,0,5,14
대조제일교회 꿈꾸는 도서관,서울특별시,은평구,작은도서관,12:30,17:30,40,5489,0,0,0,0
산성마을문고,대전광역시,중구,공공도서관,9:00,18:00,30,5495,0,0,3,15
식사도서관,경기도,고양시,공공도서관,7:00,23:00,194,55164,153,1360,7,14
성거도서관,충청남도,천안시,공공도서관,08:00,22:00,160,55504,37,235,5,14
가야2동책누리북카페,부산광역시,부산진구,작은도서관,09:00,18:00,30,5591,0,0,2,14
기적의도서관,제주특별자치도,서귀포시,공공도서관,08:00,24:00,280,56197,27,2402,5,14
완주군립고산도서관,전라북도,완주군,공공도서관,08:00,22:00,72,56096,31,2078,5,20
유니세프 작은도서관,부산광역시,금정구,작은도서관,10:00,19:00,25,5619,0,0,3,14
효경골 마을문고(갈현2동 주민센터),서울특별시,은평구,작은도서관,09:00,18:00,20,5656,0,0,0,0
애월도서관,제주특별자치도,제주시,공공도서관,8:00,22:00,155,56877,16,2005,5,15
지리산반달작은도서관,경상남도,하동군,작은도서관,10:00,18:00,20,5700,0,0,3,7
노은도서관,대전광역시,유성구,공공도서관,8:00,22:00,212,57205,82,1292,3,14
부평기적의도서관,인천광역시,부평구,공공도서관,9:00,18:00,300,58610,46,430,5,14
소흘도서관,경기도,포천시,공공도서관,09:00,00:00,285,58183,61,1351,7,14
본도작은도서관,서울특별시,동작구,작은도서관,9:00,18:00,30,5823,4,99,5,14
맑은누리작은도서관,전라북도,전주시,작은도서관,9:00,18:00,45,5835,0,0,3,7
아오스딩도서관,서울특별시,은평구,작은도서관,07:00,23:00,42,5840,0,0,0,0
목행나루작은도서관,충청북도,충주시,작은도서관,9:00,18:00,12,5845,4,0,5845,14
영주시립도서관,경상북도,영주시,공공도서관,09:00,22:00,340,58505,77,2342,3,15
안덕산방도서관,제주특별자치도,서귀포시,공공도서관,9:00,18:00,148,58950,15,3322,5,15
디지털도서관,경기도,용인시,공공도서관,10:00,19:00,44,5924,27,28373,7,21
무지개 작은도서관,부산광역시,사하구,작은도서관,9:00,21:00,6,5928,0,0,3,7
금정산 SK VIEW 북카페,부산광역시,금정구,작은도서관,13:00,18:00,25,5976,0,55,7,14
샘터 꿈의 도서관,부산광역시,남구,작은도서관,14:00,18:00,20,6000,60,100,16000,7
중앙꿈쟁이,제주특별자치도,서귀포시,작은도서관,13:00,20:00,50,6494,0,0,3,14
모현도서관,경기도,용인시,공공도서관,7:00,22:00,250,60055,88,708,7,21
표선도서관,제주특별자치도,서귀포시,공공도서관,9:00,18:00,154,60169,20,2371,5,15
영랑작은도서관,강원도,속초시,작은도서관,9:00,18:00,15,6047,3,0,2,7
중산작은도서관,전라북도,전주시,작은도서관,9:00,18:00,70,6062,0,0,4,14
익산부송도서관,전라북도,익산시,공공도서관,7:00,22:00,718,60787,73,2535,5,21
오이도작은도서관,경기도,시흥시,작은도서관,9:00,18:00,70,6090,5,73,6,14
달서구립본리도서관,대구광역시,달서구,공공도서관,09:00,20:00,210,61318,33,2013,10,15
돌다리작은도서관(석교동마을문고),대전광역시,중구,공공도서관,9:00,18:00,15,6140,0,0,3,15
군자도서관,경기도,시흥시,공공도서관,9:00,22:00,192,61505,35,1605,6,14
동매누리 작은도서관,부산광역시,사하구,작은도서관,9:00,21:00,6,6154,0,0,3,7
삼청공원 숲속도서관,서울특별시,종로구,작은도서관,10:00,18:00,40,6156,0,0,3,10
중곡문화체육센터도서관,서울특별시,광진구,공공도서관,9:00,22:00,259,61917,0,0,5,21
맑은샘도서관(문화2동마을문고),대전광역시,중구,공공도서관,9:00,18:00,24,6193,0,0,3,15
북카페사랑ING,경기도,군포시,작은도서관,10:00,18:00,74,6198,0,0,7,14
덕진도서관 아중분관,전라북도,전주시,공공도서관,9:00,22:00,129,62003,18,0,4,14
사북공공도서관,강원도,정선군,공공도서관,9:00,18:00,213,62064,,,6,14
이화마을 작은도서관,서울특별시,종로구,작은도서관,10:00,17:00,30,6248,0,0,3,10
이화마을 작은도서관,서울특별시,종로구,작은도서관,13:00,17:00,30,6248,0,0,3,10
인후문화의집 작은도서관,전라북도,전주시,작은도서관,10:00,18:00,40,6278,0,0,3,14
양정2동작은도서관,부산광역시,부산진구,작은도서관,09:00,18:00,40,6285,0,0,2,7
구서작은도서관,부산광역시,금정구,작은도서관,10:00,17:00,20,6298,42,0,3,14
안덕산방도서관,제주특별자치도,서귀포시,공공도서관,08:00,22:00,150,63378,28,3996,5,15
박물관작은도서관,충청남도,천안시,작은도서관,10:00,17:00,12,6304,6,525,5,14
물빛마을글방,서울특별시,은평구,작은도서관,09:30,17:30,30,6393,0,0,0,0
다대도서관,부산광역시,사하구,공공도서관,9:00,22:00,289,64399,57,9394,5,15
푸른누리 작은도서관,부산광역시,사하구,작은도서관,9:00,21:00,6,6444,0,0,3,7
양평1동공립작은도서관,서울특별시,영등포구,작은도서관,10:00,17:00,8,6447,0,0,3,14
강화도서관,인천광역시,강화군,공공도서관,8:00,22:00,241,64560,35,4354,5,14
표선도서관,제주특별자치도,서귀포시,공공도서관,08:00,22:00,382,65136,25,2647,5,15
지혜의 샘,부산광역시,금정구,작은도서관,14:00,17:00,42,6500,0,0,0,14
여수시립소라도서관,전라남도,여수시,공공도서관,07:30,22:00,114,65520,24,0,65520,288
여수시립돌산도서관,전라남도,여수시,공공도서관,07:30,22:00,144,65541,24,0,65541,288
태평1동 마을문고,대전광역시,중구,공공도서관,9:00,17:00,20,6557,0,0,3,15
일동도서관,경기도,포천시,공공도서관,09:00,00:00,260,66314,56,2608,7,14
보라도서관,경기도,용인시,공공도서관,7:00,0:00,540,68133,114,561,7,21
꿈샘도서관,서울특별시,은평구,작은도서관,14:00,17:30,16,6832,0,0,0,0
꿈꾸는 작은도서관,부산광역시,사하구,작은도서관,9:00,21:00,6,6842,0,0,3,7
망정작은도서관,경상북도,영천시,작은도서관,14:00,19:00,21,6845,5,0,3,14
다섯콩도서관,서울특별시,은평구,작은도서관,11:00,19:00,50,6858,0,0,0,0
금호작은도서관,전라북도,전주시,작은도서관,9:30,18:00,24,6885,0,0,2,7
성산일출도서관,제주특별자치도,서귀포시,공공도서관,9:00,18:00,122,68940,19,9909,5,15
열린점자작은도서관,전라북도,전주시,작은도서관,9:00,18:00,12,6924,0,19462,3,14
이천시립어린이도서관,경기도,이천시,어린이도서관,09:00,18:00,120,69289,38,4782,5,14
퇴계원도서관,경기도,남양주시,공공도서관,8:00,24:00,410,69382,129,2084,5,14
안심도서관,대구광역시,동구,공공도서관,09:00,18:00,215,69797,53,1965,5,15
중앙도서관,경기도,포천시,공공도서관,09:00,00:00,548,69808,66,1033,7,14
공익문고풀뿌리아카이브,대전광역시,중구,작은도서관,9:00,18:00,20,7000,30,0,3,15
도솔도서관,충청남도,천안시,공공도서관,08:00,22:00,296,70437,66,1141,5,14
평화도서관,전라북도,전주시,공공도서관,9:00,19:00,248,70448,20,278,4,14
알짬마을도서관,대전광역시,중구,작은도서관,11:00,18:00,15,7062,3,0,3,15
풀이음작은도서관,강원도,속초시,작은도서관,9:00,22:00,48,7077,4,1,2,7
봉담도서관,경기도,화성시,공공도서관,9:00,22:00,350,70857,93,1571,5,14
햇빛21작은도서관,경기도,고양시,작은도서관,10:00,18:00,0,7111,0,74,3,7
갈현1동 문화의집문고(갈현1동 주민센터),서울특별시,은평구,작은도서관,09:00,18:00,30,7120,0,0,0,0
소정꿈나무작은도서관,부산광역시,금정구,작은도서관,09:00,18:00,10,7147,0,0,3,14
신도작은도서관,경기도,고양시,작은도서관,10:00,18:00,0,7150,0,5,3,7
당감1동작은도서관,부산광역시,부산진구,작은도서관,09:00,18:00,50,7166,0,0,2,7
성산일출도서관,제주특별자치도,서귀포시,공공도서관,08:00,22:00,380,72183,27,9529,5,15
대우도서실,부산광역시,금정구,작은도서관,14:00,18:00,12,7200,0,0,2,14
수성구립사월역작은도서관,대구광역시,수성구,작은도서관,12:00,20:00,21,7217,6,0,5,15
성정1동작은도서관,충청남도,천안시,작은도서관,10:00,17:00,26,7218,6,227,5,14
서동골책놀이터문고,부산광역시,금정구,작은도서관,11:00,20:00,21,7238,2,0,3,14
다문화작은도서관,경기도,시흥시,작은도서관,9:00,22:00,13,7245,10,208,6,14
소양철쭉작은도서관,전라북도,완주군,작은도서관,09:00,18:00,30,7357,10,0,3,14
호수공원작은도서관,경기도,고양시,작은도서관,10:00,18:00,0,7364,0,1,3,7
중앙탑 작은도서관,충청북도,충주시,작은도서관,9:00,18:00,37,7424,4,0,7424,14
당감2동북카페,부산광역시,부산진구,작은도서관,09:00,18:00,10,744,0,0,2,7
연지동작은도서관,부산광역시,부산진구,작은도서관,09:00,17:00,40,7479,0,0,3,14
행복나눔 작은도서관,전라북도,전주시,작은도서관,9:00,18:00,24,7537,29,0,2,14
효사랑푸른꿈작은도서관,전라북도,전주시,작은도서관,9:00,17:20,45,7538,0,2,3,7
영등포본동공립작은도서관,서울특별시,영등포구,작은도서관,10:00,17:00,8,7538,0,0,3,14
꿈드리작은도서관,전라북도,전주시,작은도서관,10:00,18:00,25,7589,5,150,3,7
하동도서관,경상남도,하동군,공공도서관,08:00,22:00,60,76503,23,3565,5,14
청아나루작은도서관,전라북도,전주시,작은도서관,9:00,18:00,25,7690,48,0,2,7
동녘도서관,제주특별자치도,제주시,공공도서관,9:00,18:00,197,76913,32,3040,5,15
달서구립성서도서관,대구광역시,달서구,공공도서관,09:00,20:00,222,77179,29,2486,10,15
자운마을작은도서관,대전광역시,유성구,작은도서관,10:00,17:00,20,7761,0,0,2,7
능곡도서관,경기도,시흥시,공공도서관,9:00,22:00,519,77733,39,1976,6,14
은행골작은도서관,경기도,시흥시,작은도서관,9:00,18:00,30,7935,5,0,6,14
금정작은도서관,경기도,군포시,작은도서관,9:00,18:00,20,7938,0,0,3,14
홍성군글마루작은도서관,충청남도,홍성군,작은도서관,9:00,18:00,28,8580,208,0,5,7
초록길도서관,서울특별시,은평구,작은도서관,10:00,18:00,40,8000,0,0,0,0
영주휴천작은도서관,경상북도,영주시,작은도서관,13:00,19:00,20,8022,0,169,3,15
여수시립환경도서관,전라남도,여수시,공공도서관,07:30,22:00,315,80394,40,2412,80394,338
오남도서관,경기도,남양주시,공공도서관,8:00,24:00,372,80688,125,2071,5,14
서귀포시삼매봉도서관,제주특별자치도,서귀포시,공공도서관,9:00,22:00,263,80853,15,2345,5,15
영주상망작은도서관,경상북도,영주시,작은도서관,13:00,19:00,30,8094,0,42,3,15
서귀포시중앙도서관,제주특별자치도,서귀포시,공공도서관,9:00,22:00,860,81489,24,6636,5,15
수안보 작은도서관,충청북도,충주시,작은도서관,10:00,19:00,27,8151,4,0,8151,14
달서구립도원도서관,대구광역시,달서구,공공도서관,09:00,20:00,165,82666,31,3805,10,15
달서구립달서어린이도서관,대구광역시,달서구,공공도서관,09:00,20:00,106,82718,16,3936,10,15
아름동 도서관,세종특별자치시,아름동,공공도서관,9:00,18:00,74,8212,50,70,3,14일
꿈쟁이도서관,경기도,군포시,작은도서관,10:00,18:00,137,8215,0,0,7,14
글누리작은도서관,부산광역시,금정구,작은도서관,10:00,18:00,25,8300,0,0,3,14
큰나루작은도서관,전라북도,전주시,작은도서관,9:00,18:00,25,8376,0,0,2,7
중앙동작은도서관,충청남도,천안시,작은도서관,10:00,17:00,6,8399,5,0,5,14
사리현작은도서관,경기도,고양시,작은도서관,10:00,19:00,0,8468,0,0,3,7
금샘마을도서관,부산광역시,금정구,작은도서관,10:00,18:00,30,8500,4,120,3,14
삼괴도서관,경기도,화성시,공공도서관,9:00,22:00,192,85113,74,3220,5,14
기아행복마루작은도서관,경기도,화성시,작은도서관,9:00,18:00,80,8557,6,294,5,14
신길4동공립작은도서관,서울특별시,영등포구,작은도서관,10:00,17:00,10,8558,0,0,3,14
덕진도서관 인후분관,전라북도,전주시,공공도서관,9:00,19:00,332,85638,18,1708,4,14
광천공공도서관,충청남도,홍성군,공공도서관,9:00,18:00,132,86304,19,0,6,14
상북어린이도서관,경상남도,양산시,공공도서관,9:00,18:00,80,8637,6,133,5,21
책읽는 세상,부산광역시,금정구,작은도서관,14:00,17:00,18,8640,14,1,5,14
성남면작은도서관,충청남도,천안시,작은도서관,10:00,17:00,18,8697,3,0,5,14
풍세면작은도서관,충청남도,천안시,작은도서관,10:00,17:00,18,8699,5,0,5,14
중앙도서관,제주특별자치도,서귀포시,공공도서관,08:00,24:00,606,87600,28,6995,5,15
입장면작은도서관,충청남도,천안시,작은도서관,10:00,17:00,12,8719,6,0,5,14
신길7동공립작은도서관,서울특별시,영등포구,작은도서관,10:00,17:00,18,8775,0,0,3,14
중랑구립면목정보도서관,서울특별시,중랑구,공공도서관,8:00,23:00,227,87775,52,584,4,14
삼매봉도서관,제주특별자치도,서귀포시,공공도서관,08:00,24:00,211,88447,25,3106,5,15
함현공원작은도서관,경기도,시흥시,작은도서관,9:00,18:00,40,8809,0,0,6,14
영천시립도서관,경상북도,영천시,공공도서관,9:00,23:00,630,88188,72,387,5,14
송악도서관,제주특별자치도,서귀포시,공공도서관,9:00,18:00,208,88638,32,1460,5,15
평내도서관,경기도,남양주시,공공도서관,8:00,24:00,454,88989,96,1876,5,14
고양윤창작은도서관,경기도,고양시,작은도서관,10:00,18:00,0,8923,0,0,3,7
둔산도서관,대전광역시,서구,공공도서관,07:00,22:00,470,89509,19,1737,10,14
신길3동공립작은도서관,서울특별시,영등포구,작은도서관,10:00,17:00,12,8973,0,0,3,14
예뜰도서관,서울특별시,은평구,작은도서관,12:00,17:00,60,9003,0,0,0,0
구이모악작은도서관,전라북도,완주군,작은도서관,09:00,18:00,30,9014,10,0,3,14
길벗 작은도서관,부산광역시,사하구,작은도서관,9:00,21:00,6,9025,0,0,3,7
책누리작은도서관,부산광역시,사상구,작은도서관,10:00,16:00,24,9039,0,0,0,0
덕진도서관 송천분관,전라북도,전주시,공공도서관,9:00,19:00,307,90821,25,1216,4,14
수택작은도서관,경기도,구리시,작은도서관,9:00,18:00,48,9190,14,205,5,14
신사어린이도서관,서울특별시,은평구,작은도서관,09:00,18:00,40,9206,0,0,0,0
회화나무 작은도서관,부산광역시,사하구,작은도서관,9:00,21:00,6,9210,0,0,3,7
제남도서관,제주특별자치도,서귀포시,공공도서관,9:00,19:00,193,92570,37,2466,5,15
양정1동작은도서관,부산광역시,부산진구,작은도서관,09:00,18:00,32,9289,0,0,3,7
풍동도서관,경기도,고양시,공공도서관,9:00,22:00,0,93313,128,1735,7,14
일봉동작은도서관,충청남도,천안시,작은도서관,10:00,17:00,6,9366,6,37,5,14
당산1동공립작은도서관,서울특별시,영등포구,작은도서관,10:00,17:00,22,9399,0,0,3,14
햇살나무작은도서관,부산광역시,사상구,작은도서관,10:00,17:00,40,9400,0,0,2,14
평화꿈틀 작은도서관,전라북도,전주시,작은도서관,9:00,19:00,50,9578,0,0,2,7
감천횃불 작은도서관,부산광역시,사하구,작은도서관,9:00,21:00,6,9628,0,0,3,7
산단작은도서관,전라북도,군산시,작은도서관,10:00,19:00,46,9628,11,0,3,14
단포작은도서관,경상북도,영천시,작은도서관,9:00,14:00,21,9631,1,0,3,14
문성동작은도서관,충청남도,천안시,작은도서관,10:00,17:00,12,9660,4,375,5,14
통진도서관,경기도,김포시,공공도서관,8:00,23:00,414,96697,125,4200,10,14
구즉도서관,대전광역시,유성구,공공도서관,8:00,22:00,271,96820,58,1856,3,14
두정도서관,충청남도,천안시,공공도서관,08:00,22:00,148,96970,75,1242,5,14
와부도서관,경기도,남양주시,공공도서관,8:00,24:00,476,97079,127,4691,5,14
이천시립청미도서관,경기도,이천시,공공도서관,09:00,23:00,120,97609,48,2993,5,14
한수풀도서관,제주특별자치도,제주시,공공도서관,9:00,18:00,227,97703,30,1306,5,15
꿈이있는나무작은도서관,전라북도,전주시,작은도서관,10:00,18:00,110,9860,0,0,2,7
도림동공립작은도서관,서울특별시,영등포구,작은도서관,10:00,17:00,30,9862,0,0,3,14
구수산도서관,대구광역시,북구,공공도서관,9:00,22:00,200,99301,65,6150,5,15
성정2동작은도서관,충청남도,천안시,작은도서관,10:00,17:00,24,9957,6,412,5,14
성환읍작은도서관,충청남도,천안시,작은도서관,10:00,17:00,20,9981,4,963,5,14
화정어린이도서관,경기도,고양시,어린이도서관,9:00,18:00,0,99827,35,975,7,14
